siren;name;codeNAF;employeesCategory;address;position
000325175;;32.12Z;;MANIHI COTE MONTAGNE TUAMOTU, 98770 MANIHI;[2.3522,48.8566]
000325175;;32.12Z;;1 PLACE LEONCE DE SEYNES, 84000 AVIGNON;[2.3522,48.8566]
000325175;;32.12Z;;6 AVENUE FRANCOIS MAURIAC, 84000 AVIGNON;[2.3522,48.8566]
000325175;;32.12Z;;170 AVENUE DU COL DE L’ANGE, 13420 GEMENOS;[2.3522,48.8566]
000325175;;32.12Z;;61 RUE MARX DORMOY, 13004 MARSEILLE;[2.3522,48.8566]
000325175;;32.12Z;;51 RUE MARX DORMOY, 13004 MARSEILLE;[2.3522,48.8566]
001807254;;85.59A;;15 RUE D'INGLEMUR, 54200 TOUL;[2.3522,48.8566]
001807254;;85.59A;;31 RUE D'ALEMBERT, 02100 SAINT-QUENTIN;[2.3522,48.8566]
005410220;;22.02;;RUE DE HOUDENT, 80210 TOURS-EN-VIMEU;[2.3522,48.8566]
005410345;;79.06;;ROUTE DE DOULLENS, 80100 ABBEVILLE;[2.3522,48.8566]
005410394;;64.42;;CHE PETIT, 80120 ARGOULES;[2.3522,48.8566]
005410428;;70.2C;;68 CHAUSSEE MARCADE, 80100 ABBEVILLE;[2.3522,48.8566]
005410436;;57.11;;CHAUSSEE D'HOCQUET, 80100 ABBEVILLE;[2.3522,48.8566]
005410485;;64.42;;177 RUE GRANDE, 80220 GAMACHES;[2.3522,48.8566]
005410493;;86.06;;HAM DE HAMICOURT, 80210 TOURS-EN-VIMEU;[2.3522,48.8566]
005410501;;55.4B;;RUE DU FORT MARDI, 80150 VIRONCHAUX;[2.3522,48.8566]
005410519;;62.11;;10 RUE PASTEUR, 80550 LE CROTOY;[2.3522,48.8566]
005410527;;70.2C;;84 RUE PASTEUR, 80100 ABBEVILLE;[2.3522,48.8566]
005410543;;67.05;;ROUTE NATIONALE, 80860 NOUVION;[2.3522,48.8566]
005410642;;64.45;;1 RUE DE SAINT-VALERY, 80220 GAMACHES;[2.3522,48.8566]
005410667;;55.4B;;, 80132 MAREUIL-CAUBERT;[2.3522,48.8566]
005410675;;62.43;;, 80270 ALLERY;[2.3522,48.8566]
005410717;;65.06;;27 RUE SAINT JEAN, 80135 SAINT-RIQUIER;[2.3522,48.8566]
005410733;;57.03;;17 PETITE RUE NOTRE - DAME, 80100 ABBEVILLE;[2.3522,48.8566]
005410741;;64.42;;AV DE LA GARE, 80120 QUEND;[2.3522,48.8566]
005410758;;67.05;;CHAUSSEE MARCADE, 80100 ABBEVILLE;[2.3522,48.8566]
005410816;;38.40;;3 RUE DE L'ARQUET, 80370 HIERMONT;[2.3522,48.8566]
005410857;;62.11;;37 RUE PIERRE SAUVAGE, 80100 ABBEVILLE;[2.3522,48.8566]
005410873;;70.2C;;9 RUE CHARLES DE GAULLE, 80220 GAMACHES;[2.3522,48.8566]
005410899;;74.1J;;21 BOULEVARD VOLTAIRE, 80100 ABBEVILLE;[2.3522,48.8566]
005410949;A LA GRANDE FABRIQUE;64.11;;35 PLACE MAX LEJEUNE, 80100 ABBEVILLE;[2.3522,48.8566]
005410980;;67.07;;, 80132 MIANNAY;[2.3522,48.8566]
005411053;;65.03;;RUE D’ABBEVILLE, 80870 MOYENNEVILLE;[2.3522,48.8566]
005411236;;55.40;;RUE DU MOULIN, 80220 MAISNIERES;[2.3522,48.8566]
005411343;;50.1Z;;RUE DU GENERAL LECLERC, 80150 CRECY-EN-PONTHIEU;[2.3522,48.8566]
005411434;;65.02;;, 80120 FAVIERES;[2.3522,48.8566]
005411483;;62.41;;, 80150 CRECY-EN-PONTHIEU;[2.3522,48.8566]
005411582;;68.20B;;47 CHAUSSEE DU BOIS, 80100 ABBEVILLE;[2.3522,48.8566]
005411699;;57.03;;, 80150 CRECY-EN-PONTHIEU;[2.3522,48.8566]
005411806;;62.11;;RUE ALFRED FRANCOIS, 80100 ABBEVILLE;[2.3522,48.8566]
005411954;;38.50;;RUE JULES VERNE, 80550 LE CROTOY;[2.3522,48.8566]
005411962;;67.05;;, 80150 DOMVAST;[2.3522,48.8566]
005411996;;67.04;;10 AVENUE DE LA GARE, 80100 ABBEVILLE;[2.3522,48.8566]
005420013;SOCIETE D'APPROVISIONNEMENT REGIONAL;62.21;;264 CHAUSSEE D'HOCQUET, 80100 ABBEVILLE;[2.3522,48.8566]
005420021;ETABLISSEMENTS LUCIEN BIQUEZ;46.69B;;17 RUE DES LINGERS, 80100 ABBEVILLE;[2.3522,48.8566]
005420021;ETABLISSEMENTS LUCIEN BIQUEZ;46.69B;;RUE TUROLD, 76630 ENVERMEU;[2.3522,48.8566]
005420021;ETABLISSEMENTS LUCIEN BIQUEZ;46.69B;;134 RUE HENRI BARBUSSE, 80130 FRIVILLE-ESCARBOTIN;[2.3522,48.8566]
005420021;ETABLISSEMENTS LUCIEN BIQUEZ;46.69B;;52 RUE VENTOSE, 80100 ABBEVILLE;[2.3522,48.8566]
005420021;ETABLISSEMENTS LUCIEN BIQUEZ;46.69B;;21 BOULEVARD DES PRES, 80100 ABBEVILLE;[2.3522,48.8566]
005420039;LEGRAND PAUL;59.02;;3 PLACE DU PILORI, 80100 ABBEVILLE;[2.3522,48.8566]
005420047;SOCIETE ANONYME MARCEL CARON ET FILS;45.3F;;114 CHS MARCADE, 80100 ABBEVILLE;[2.3522,48.8566]
005420047;SOCIETE ANONYME MARCEL CARON ET FILS;45.3F;;2 RIVE DROITE DE LA SOMME, 80100 ABBEVILLE;[2.3522,48.8566]
005420054;ETABLISSEMENTS POUMAREDES ET MARTINET;28.6F;;54 RUE DES ECOLES, 80970 SAILLY-FLIBEAUCOURT;[2.3522,48.8566]
005420070;ETABLISSEMENTS DINGEON ET TAVENEAU;70.2C;;2 VOIE NOUVELLE, 80100 ABBEVILLE;[2.3522,48.8566]
005420088;AUX ARTS MENAGERS;52.4N;;3 RUE DES LINGERS, 80100 ABBEVILLE;[2.3522,48.8566]
005420104;VETEMENTS JARDI;47.71Z;;13 PL MAX LEJEUNE, 80100 ABBEVILLE;[2.3522,48.8566]
005420120;SOCIETE DES SUCRERIES DU MARQUENTERRE;70.10Z;03;RUE DE LA FONTAINE, 80120 RUE;[2.3522,48.8566]
005420120;SOCIETE DES SUCRERIES DU MARQUENTERRE;70.10Z;03;12 ROUTE DE MONTREUIL, 62180 RANG-DU-FLIERS;[2.3522,48.8566]
005420120;SOCIETE DES SUCRERIES DU MARQUENTERRE;70.10Z;03;ROUTE NATIONALE, 62140 MARCONNELLE;[2.3522,48.8566]
005420120;SOCIETE DES SUCRERIES DU MARQUENTERRE;70.10Z;03;RUE DE LA GARE, 62180 CONCHIL-LE-TEMPLE;[2.3522,48.8566]
005420146;MESDAMES HARREAU ET MARTY;64.12;;PL DU GENERAL LECLERC, 80120 RUE;[2.3522,48.8566]
005420153;CARRE PERE ET FILS;58.12;;RUE MARECHAL FOCH, 80100 ABBEVILLE;[2.3522,48.8566]
005420187;GRANDCOLIN ET FILS;38.40;;CHS D HOCQUET, 80100 ABBEVILLE;[2.3522,48.8566]
005420195;SA DENNETIERE;51.2A;;AU CHEMIN DE LA RIVIERE, 80140 RAMBURES;[2.3522,48.8566]
005420245;RELAIS VAUBAN;81.21;;2 BOULEVARD VAUBAN, 80100 ABBEVILLE;[2.3522,48.8566]
005420260;SOCIETE ANONYME MILBLED;20.01;;RUE JOLIOT CURIE, 80570 DARGNIES;[2.3522,48.8566]
005420278;ETABLISSEMENTS LEON ALLOT ET FILS;44.33;;, 80270 ALLERY;[2.3522,48.8566]
005440011;;68.20B;;AVENUE DE VERDUN, 04000 DIGNE-LES-BAINS;[2.3522,48.8566]
005440078;;62.11;;, 04370 COLMARS;[2.3522,48.8566]
005440110;;68.20B;;COURS PECHINEY, 04600 CHATEAU-ARNOUX-SAINT-AUBAN;[2.3522,48.8566]
005440110;;68.20B;;13 BOULEVARD GASSENDI, 04000 DIGNE-LES-BAINS;[2.3522,48.8566]
005440110;;68.20B;;6 RUE FIRMIN GUICHARD, 04000 DIGNE-LES-BAINS;[2.3522,48.8566]
005440136;;67.09;;, 04500 QUINSON;[2.3522,48.8566]
005440185;;52.1B;;, 04250 TURRIERS;[2.3522,48.8566]
005440219;;00.97;;, 04210 VALENSOLE;[2.3522,48.8566]
005440235;;60.01;;, 04170 THORAME-BASSE;[2.3522,48.8566]
005440409;;64.46;;RUE CHAPUZIE, 04200 SISTERON;[2.3522,48.8566]
005440508;;57.08;;RTE NEUVE, 04160 CHATEAU ARNOUX SAINT AUBAN;[2.3522,48.8566]
005440557;;00.97;;PLACE DES RECOLLETS, 04000 DIGNE-LES-BAINS;[2.3522,48.8566]
005440565;;68.20B;;PLACE DU GENERAL DE GAULLE, 04200 SISTERON;[2.3522,48.8566]
005440649;;62.11;;RUE LOGIS, 04800 SAINT-MARTIN-DE-BROMES;[2.3522,48.8566]
005440672;;00.97;;, 04120 CASTELLANE;[2.3522,48.8566]
005440698;;67.07;;, 04370 COLMARS;[2.3522,48.8566]
005440722;;00.10;;, 04120 CASTELLANE;[2.3522,48.8566]
005440755;;64.11;;, 04190 LES MEES;[2.3522,48.8566]
005440789;;62.11;;, 04530 LA CONDAMINE-CHATELARD;[2.3522,48.8566]
005440797;;60.07;;, 04700 ORAISON;[2.3522,48.8566]
005440813;;67.01;;LE FOREST DE BAYONS, 04250 LA MOTTE-DU-CAIRE;[2.3522,48.8566]
005440847;;69.22;;, 04140 VERDACHES;[2.3522,48.8566]
005440904;;00.97;;HAM LES BAUMES, 04200 MISON;[2.3522,48.8566]
005440938;;01.80;;, 04200 MISON;[2.3522,48.8566]
005440987;;00.97;;, 04500 MONTAGNAC-MONTPEZAT;[2.3522,48.8566]
005441027;;00.97;;RUE NEUVE, 04140 SEYNE;[2.3522,48.8566]
005441035;;52.1B;;18 RUE PIED DE VILLE, 04000 DIGNE-LES-BAINS;[2.3522,48.8566]
005441043;;68.20B;;5 BOULEVARD VICTOR HUGO, 04000 DIGNE-LES-BAINS;[2.3522,48.8566]
005441068;;38.40;;RUE LT BLONDEAU, 04120 CASTELLANE;[2.3522,48.8566]
005441134;;52.1J;;42 RUE MANUEL, 04400 BARCELONNETTE;[2.3522,48.8566]
005441159;;00.97;;QUAI SAINT AUBAN, 04160 CHATEAU-ARNOUX-SAINT-AUBAN;[2.3522,48.8566]
005441191;;62.41;;ALLEE DES ERABLES, 04160 CHATEAU-ARNOUX-SAINT-AUBAN;[2.3522,48.8566]
005441233;;67.04;;, 04370 COLMARS;[2.3522,48.8566]
005441241;;69.11;;QUAI PLANTIERS, 04200 SISTERON;[2.3522,48.8566]
005441266;;00.97;;, 04270 ESTOUBLON;[2.3522,48.8566]
005441316;;38.50;;, 04240 ANNOT;[2.3522,48.8566]
005441357;;00.97;;, 04190 LES MEES;[2.3522,48.8566]
005441365;;58.11;;4 PL DU MARCHE, 04000 DIGNE-LES-BAINS;[2.3522,48.8566]
005441373;;64.49;;, 04360 MOUSTIERS-SAINTE-MARIE;[2.3522,48.8566]
005441399;;69.12;;, 04170 LA MURE-ARGENS;[2.3522,48.8566]
005441407;;93.0D;;RUE BASSE, 04140 SEYNE;[2.3522,48.8566]
005441449;;00.97;;, 04800 GREOUX-LES-BAINS;[2.3522,48.8566]
005441548;;64.49;;39 RUE DE L'HUBAC, 04000 DIGNE-LES-BAINS;[2.3522,48.8566]
005441589;;59.08;;PL DR ITARD, 04700 ORAISON;[2.3522,48.8566]
005441597;;64.45;;BOULEVARD GASSENDI, 04000 DIGNE-LES-BAINS;[2.3522,48.8566]
005441613;;62.44;;, 04160 CHATEAU-ARNOUX-SAINT-AUBAN;[2.3522,48.8566]
005441621;;00.97;;, 04700 PUIMICHEL;[2.3522,48.8566]
005441662;;62.11;;PLACE DU MARCHE, 04210 VALENSOLE;[2.3522,48.8566]
005450010;SOCIETE ALPINE DE TRAVAUX PUBLICS;00.97;;, 04160 CHATEAU-ARNOUX-SAINT-AUBAN;[2.3522,48.8566]
005450051;TOTAL CIE FRSE DISTRIBUTION;00.97;;QUAI DE LA BONNETTE, 04000 DIGNE-LES-BAINS;[2.3522,48.8566]
005450093;BASALPINE AUTOCARS;77.11A;;5 ALL L GARDIOL, 04500 RIEZ;[2.3522,48.8566]
005450093;BASALPINE AUTOCARS;77.11A;;QUAI STE ANNE, 04500 RIEZ;[2.3522,48.8566]
005450093;BASALPINE AUTOCARS;77.11A;;AVENUE DES THERMES, 04800 GREOUX-LES-BAINS;[2.3522,48.8566]
005450093;BASALPINE AUTOCARS;77.11A;;36 RUE GRANDE, 04800 GREOUX-LES-BAINS;[2.3522,48.8566]
005450093;BASALPINE AUTOCARS;77.11A;;27 RUE GRANDE, 04800 GREOUX-LES-BAINS;[2.3522,48.8566]
005450101;SOC EXPLOIT PLATEAU VALENSOLE;18.11;;4 BD LA FERRAGE, 13860 PEYROLLES-EN-PROVENCE;[2.3522,48.8566]
005450119;LE GRAND CAFE ET GASSENDI;56.30Z;;63 BD GASSENDI, 04000 DIGNE-LES-BAINS;[2.3522,48.8566]
005450119;LE GRAND CAFE ET GASSENDI;56.30Z;;SAINT CHRISTOPHE, 04000 DIGNE-LES-BAINS;[2.3522,48.8566]
005450119;LE GRAND CAFE ET GASSENDI;56.30Z;;3 BD GASSENDI, 04000 DIGNE-LES-BAINS;[2.3522,48.8566]
005470018;;55.40;;AVENUE DU MARCHE, 44500 LA BAULE-ESCOUBLAC;[2.3522,48.8566]
005470075;;67.08;;13 RUE DU CENTRE, 44510 LE POULIGUEN;[2.3522,48.8566]
005470190;;69.12;;RUE DE KERVENEL, 44490 LE CROISIC;[2.3522,48.8566]
005470208;;64.11;;105 AVENUE DE LA REPUBLIQUE, 44600 SAINT-NAZAIRE;[2.3522,48.8566]
005470430;;62.43;;2 RUE CHARLES BRUNELIERE, 44570 TRIGNAC;[2.3522,48.8566]
005470455;;62.41;;LD LA BOSSE, 44500 LA BAULE-ESCOUBLAC;[2.3522,48.8566]
005470489;;86.06;;LD LE PONT DENYON, 44480 DONGES;[2.3522,48.8566]
005470620;;55.4B;;17 RUE DES CHANTIERS, 44600 SAINT-NAZAIRE;[2.3522,48.8566]
005470653;;52.1B;;23 BOULEVARD LEON GAMBETTA, 44600 SAINT-NAZAIRE;[2.3522,48.8566]
005470927;;64.14;;AVENUE DE LA FORET, 44300 NANTES;[2.3522,48.8566]
005470943;;58.03;;, 44130 BLAIN;[2.3522,48.8566]
005470984;;40.32;;AVENUE DE VERA CRUZ, 44600 SAINT-NAZAIRE;[2.3522,48.8566]
005471065;AUDIGER JEAN JOSEPH INDIVISION;67.04;;1 PL DU GENERAL D ARGENCE, 44410 HERBIGNAC;[2.3522,48.8566]
005471115;;64.11;;45 RUE DE LA PAIX ET DES ARTS, 44600 SAINT-NAZAIRE;[2.3522,48.8566]
005471214;;64.11;;8 PLACE DE L’HOTEL DE VILLE, 44260 SAVENAY;[2.3522,48.8566]
005471420;;62.11;;BOULEVARD DE VERDUN, 44600 SAINT-NAZAIRE;[2.3522,48.8566]
005471438;;70.2C;;BEAULIEU, 44160 PONTCHATEAU;[2.3522,48.8566]
005471495;;55.72;;RUE DE VERDUN, 44260 SAVENAY;[2.3522,48.8566]
005471578;BRIAND MAURICE INDIVISION;67.04;;PL DE L EGLISE, 44130 LE GAVRE;[2.3522,48.8566]
005471594;;38.40;;PLACE DE L'EGLISE, 44530 GUENROUET;[2.3522,48.8566]
005471602;;81.21;;RUE DE PORNICHET, 44600 SAINT-NAZAIRE;[2.3522,48.8566]
005471628;;85.1J;;22 RUE GREGOIRE ORAIN, 44460 FEGREAC;[2.3522,48.8566]
005471685;;67.08;;ROUTE DE NANTES, 44160 PONTCHATEAU;[2.3522,48.8566]
005471743;;64.12;;AVENUE DE LA REPUBLIQUE, 44600 SAINT-NAZAIRE;[2.3522,48.8566]
005471768;;40.32;;AVENUE DES IBIS, 44500 LA BAULE-ESCOUBLAC;[2.3522,48.8566]
005471784;;38.40;;RUE HOTEL VILLE, 44290 GUEMENE-PENFAO;[2.3522,48.8566]
005471800;;68.20B;;145 AVENUE DU GENERAL DE GAULLE, 44500 LA BAULE-ESCOUBLAC;[2.3522,48.8566]
005471800;;68.20B;;ROUTE DE LA BAULE, 44350 GUERANDE;[2.3522,48.8566]
005471842;;62.44;;PL ABB CORBILLE, 44130 BOUVRON;[2.3522,48.8566]
005471891;;62.46;;ESP BENOIT, 44500 LA BAULE-ESCOUBLAC;[2.3522,48.8566]
005471941;;65.06;;AVENUE DONIZETTI, 44500 LA BAULE-ESCOUBLAC;[2.3522,48.8566]
005471958;;67.08;;15 AVENUE GEORGES CLEMENCEAU, 44500 LA BAULE-ESCOUBLAC;[2.3522,48.8566]
005472014;;65.03;;ROUTE DE VANNES, 44160 PONTCHATEAU;[2.3522,48.8566]
005472022;;86.09;;BOULEVARD DES OCEANIDES, 44380 PORNICHET;[2.3522,48.8566]
005472063;;84.13;;163 MAYUN, 44410 LA CHAPELLE DES MARAIS;[2.3522,48.8566]
005472238;;70.2C;;LE BOURG, 44630 PLESSE;[2.3522,48.8566]
005472253;;67.08;;276 AVENUE DU MARECHAL DE LATTRE DE TASSIGNY, 44500 LA BAULE-ESCOUBLAC;[2.3522,48.8566]
005472261;;37.2Z;;LA VILLES DAVAUD, 44380 PORNICHET;[2.3522,48.8566]
005472683;;67.04;;BOURG, 44530 SAINT-GILDAS-DES-BOIS;[2.3522,48.8566]
005472857;;22.01;;BOURG, 44160 SAINTE-ANNE-SUR-BRIVET;[2.3522,48.8566]
005472873;;62.43;;AVENUE DE MAZY, 44380 PORNICHET;[2.3522,48.8566]
005472980;;68.20B;;BOURG, 44360 CORDEMAIS;[2.3522,48.8566]
005473020;;55.71;;10 BOULEVARD DE COURCELLES, 44290 GUEMENE-PENFAO;[2.3522,48.8566]
005473152;;70.2A;;3 ALLEE DE LA COLLE LONGUE, 06270 VILLENEUVE-LOUBET;[2.3522,48.8566]
005473202;;68.20B;;2 PLACE ARISTIDE BRIAND, 44220 COUERON;[2.3522,48.8566]
005473202;;68.20B;;5 RUE DU DOCTEUR JANVIER, 44220 COUERON;[2.3522,48.8566]
005473244;;70.2C;;40 AVENUE GEORGES CLEMENCEAU, 44380 PORNICHET;[2.3522,48.8566]
005473285;INDIVISION LE BRUN MAXIME;52.4Z;;29 RUE DU MAINE, 44600 SAINT-NAZAIRE;[2.3522,48.8566]
005473327;;57.07;;8 QUAI DE LA PETITE CHAMBRE, 44490 LE CROISIC;[2.3522,48.8566]
005473418;;70.2C;;LD VILLE BERTHE, 44460 FEGREAC;[2.3522,48.8566]
005473442;;64.30;;ROUTE DE LA COTE D'AMOUR, 44600 SAINT-NAZAIRE;[2.3522,48.8566]
005473822;MARY*PIERRE INDIVISION;35.01;;IMP STE ELISABETH, 44260 SAVENAY;[2.3522,48.8566]
005473921;;64.11;;88 AVENUE DE LA REPUBLIQUE, 44600 SAINT-NAZAIRE;[2.3522,48.8566]
005473939;;87.06;;RUE DU TRAICT, 44490 LE CROISIC;[2.3522,48.8566]
005473988;;67.08;;Q ST PIERRE, 44420 LA TURBALLE;[2.3522,48.8566]
005474200;;69.12;;AVENUE DE LA MONNERAYE, 44410 HERBIGNAC;[2.3522,48.8566]
005474440;;70.2C;;31 BOULEVARD DE LA LIBERATION, 44360 SAINT-ETIENNE-DE-MONTLUC;[2.3522,48.8566]
005474481;;81.21;;71 AVENUE ALBERT DE MUN, 44600 SAINT-NAZAIRE;[2.3522,48.8566]
005474507;;87.01;;ALL DES PETRELS, 44500 LA BAULE-ESCOUBLAC;[2.3522,48.8566]
005474564;;67.04;;BOULEVARD DE LA LIBERATION, 44220 COUERON;[2.3522,48.8566]
005474598;;55.3A;;8 AVENUE DES PINS, 44380 PORNICHET;[2.3522,48.8566]
005474630;;70.2C;;32 AVENUE DU GENERAL DE GAULLE, 44600 SAINT-NAZAIRE;[2.3522,48.8566]
005474747;;55.71;;LD LE DRESNY, 44630 PLESSE;[2.3522,48.8566]
005474770;;67.04;;RUE DE TRIGNAC, 44600 SAINT-NAZAIRE;[2.3522,48.8566]
005474945;;67.08;;RTE ROUTE DE ST GILDAS, 44530 GUENROUET;[2.3522,48.8566]
005474960;;68.20B;;86 RUE JEAN GUTENBERG, 44600 SAINT-NAZAIRE;[2.3522,48.8566]
005475215;;67.04;;LD LANCE, 44630 PLESSE;[2.3522,48.8566]
005475314;;67.07;;1 RUE DE LA GARE, 44510 LE POULIGUEN;[2.3522,48.8566]
005480066;ETABLISSEMENTS HENRY DUVAL;71.2A;;7 RTE DE POMPIERRE, 44000 NANTES;[2.3522,48.8566]
005480082;SOCIETE BRETONNE DE TRAVAUX PUBLICS;45.1A;;DISSIGNAC, 44600 SAINT-NAZAIRE;[2.3522,48.8566]
005480165;LE PAVILLON ROSE SOC;67.01;;AV DU GENERAL DE GAULLE, 44500 LA BAULE-ESCOUBLAC;[2.3522,48.8566]
005480231;QUINCAILLERIE FRANCOIS;64.22;;220 AVENUE DU MARECHAL DE LATTRE DE TASSIGNY, 44500 LA BAULE-ESCOUBLAC;[2.3522,48.8566]
005480256;DAVID M ET G STE LE PALUDIER;86.04;;6 RUE DU POULIGUEN, 44740 BATZ-SUR-MER;[2.3522,48.8566]
005480546;SOCIETE DE DISTRIBUTION DE PAPIER;17.12Z;;LENIPHEN, 44350 GUERANDE;[2.3522,48.8566]
005480546;SOCIETE DE DISTRIBUTION DE PAPIER;17.12Z;;322 BOULEVARD JEAN-JACQUES BOSC, 33130 BEGLES;[2.3522,48.8566]
005480546;SOCIETE DE DISTRIBUTION DE PAPIER;17.12Z;;MONTCOUPOT, 51210 MONTMIRAIL;[2.3522,48.8566]
005510037;;64.11;;1 RUE HOHON, 80510 LONG;[2.3522,48.8566]
005510060;;57.02;;2 ROUTE DE FEUQUIERES, 80210 TOURS-EN-VIMEU;[2.3522,48.8566]
005510086;;38.40;;, 80150 CANCHY;[2.3522,48.8566]
005510102;;82.06;;142 CHAUSSEE MARCADE, 80100 ABBEVILLE;[2.3522,48.8566]
005510326;;67.04;;, 80135 SAINT-RIQUIER;[2.3522,48.8566]
005510367;;67.05;;HAM DE BELLEFONTAINE, 80490 BAILLEUL;[2.3522,48.8566]
005510490;;64.24;;, 80120 QUEND;[2.3522,48.8566]
005510508;;62.11;;RUE DU 11 NOVEMBRE, 80220 GAMACHES;[2.3522,48.8566]
005510532;;64.47;;691 RUE D'ABBEVILLE, 80000 AMIENS;[2.3522,48.8566]
005510623;;55.2C;;7 RUE SAINT-ANTOINE, 80510 LONG;[2.3522,48.8566]
005510631;;52.1B;;13 RUE ROGER SALENGRO, 80210 FEUQUIERES-EN-VIMEU;[2.3522,48.8566]
005510722;;64.49;;, 80135 ONEUX;[2.3522,48.8566]
005510854;;81.21;;RUE JEAN DE PONTHIEU, 80100 ABBEVILLE;[2.3522,48.8566]
005511027;;56.02;;15 RUE DU MARAIS, 80120 RUE;[2.3522,48.8566]
005511050;;67.08;;8 RTE DE BERCK, 80120 FORT-MAHON-PLAGE;[2.3522,48.8566]
005511100;;78.02;;CHAUSSEE MARCADE, 80100 ABBEVILLE;[2.3522,48.8566]
005511142;;55.4B;;53 RUE PIERRE CURIE, 80210 FEUQUIERES-EN-VIMEU;[2.3522,48.8566]
005511167;;67.04;;, 80150 DOMPIERRE-SUR-AUTHIE;[2.3522,48.8566]
005511183;;60.2E;;41 RUE DU LIEUTENANT CARON, 80100 ABBEVILLE;[2.3522,48.8566]
005511225;;62.11;;RUE DE L'EGLISE, 80132 CAMBRON;[2.3522,48.8566]
005511357;;87.03;;27 RUE DU MARECHAL FOCH, 80100 ABBEVILLE;[2.3522,48.8566]
005511415;;67.07;;11 RUE DE LA REPUBLIQUE, 80510 LONGPRE-LES-CORPS-SAINTS;[2.3522,48.8566]
005511449;;69.12;;RUE JACQUES MALLET, 80132 HAUTVILLERS-OUVILLE;[2.3522,48.8566]
005511456;;68.20B;;62 RUE GRANDE, 80220 GAMACHES;[2.3522,48.8566]
005511464;;67.05;;259 ROUTE DE ROUEN, 80100 ABBEVILLE;[2.3522,48.8566]
005511472;;64.11;;24 RUE SAINT VULFRAN, 80100 ABBEVILLE;[2.3522,48.8566]
005511530;;64.24;;8 RUE GASTON GARRY, 80120 RUE;[2.3522,48.8566]
005511688;;81.21;;33 RUE VASSEUR, 80120 QUEND;[2.3522,48.8566]
005511738;;62.44;;RUE NOTRE-DAME, 80135 SAINT-RIQUIER;[2.3522,48.8566]
005511845;;81.21;;10 RUE GENERAL LECLERC, 80550 LE CROTOY;[2.3522,48.8566]
005511944;;21.11;;, 80570 DARGNIES;[2.3522,48.8566]
005512025;;81.21;;RUE DU MARECHAL FOCH, 80100 ABBEVILLE;[2.3522,48.8566]
005512066;;67.07;;3 RUE FERDINAND BUISSON, 80210 FEUQUIERES-EN-VIMEU;[2.3522,48.8566]
005512231;;55.40;;, 80150 LE BOISLE;[2.3522,48.8566]
005512363;;62.44;;, 80132 LE TITRE;[2.3522,48.8566]
005512447;;81.21;;RUE ROGER SALENGRO, 80210 FEUQUIERES-EN-VIMEU;[2.3522,48.8566]
005512645;;22.02;;RUE DE L'EGLISE, 80140 HUPPY;[2.3522,48.8566]
005512678;;81.21;;PL DU MONUMENT, 80550 LE CROTOY;[2.3522,48.8566]
005512686;;55.3A;;8 RUE PORTE DU PONT, 80550 LE CROTOY;[2.3522,48.8566]
005512710;;62.43;;9 RTE D ABBEVILLE, 80135 SAINT-RIQUIER;[2.3522,48.8566]
005512728;;67.05;;RUE DE MALADRERIE, 80150 YVRENCHEUX;[2.3522,48.8566]
005515309;;92.7C;;RUE D’ABBEVILLE, 80120 QUEND;[2.3522,48.8566]
005520028;ETABLISSEMENTS SUEUR ET FILS;68.20B;;RUE AMBROISE CROIZAT, 80570 DARGNIES;[2.3522,48.8566]
005520036;E F S I;15.11;;220 RUE DE MENCHECOURT, 80100 ABBEVILLE;[2.3522,48.8566]
005520077;ETABLISSEMENTS MERCIER;25.72Z;;13 RUE GAMBETTA, 80210 FEUQUIERES-EN-VIMEU;[2.3522,48.8566]
005520135;CHANVI GESTION;74.1J;;253 RUE DE MENCHECOURT, 80100 ABBEVILLE;[2.3522,48.8566]
005520135;CHANVI GESTION;74.1J;;32 PL DE LA GARE - LILLE, 59000 LILLE;[2.3522,48.8566]
005520135;CHANVI GESTION;74.1J;;70 RUE DE LAUSANNE, 01220 DIVONNE-LES-BAINS;[2.3522,48.8566]
005520176;HERNAS CARTONNAGE;17.21A;21;50 RUE PASTEUR, 80210 FEUQUIERES-EN-VIMEU;[2.3522,48.8566]
005520176;HERNAS CARTONNAGE;17.21A;21;ZONE DES HAYETTES, 80210 CHEPY;[2.3522,48.8566]
005520200;EDEN CINEMA;81.21;;4 RUE PIERRE CURIE, 80220 GAMACHES;[2.3522,48.8566]
005520234;MONSIGNY;59.10;;ZONE INDUSTRIELLE, 80210 FEUQUIERES-EN-VIMEU;[2.3522,48.8566]
005520242;PROSPA;20.30Z;12;3 RUE DU 43 RIC, 80510 LONGPRE-LES-CORPS-SAINTS;[2.3522,48.8566]
005520242;PROSPA;20.30Z;12;55 BOULEVARD DE SEBASTOPOL, 75001 PARIS;[2.3522,48.8566]
005520242;PROSPA;20.30Z;12;88 RUE ROBESPIERRE, 93100 MONTREUIL;[2.3522,48.8566]
005520242;PROSPA;20.30Z;12;14 RUE LESAULT, 93500 PANTIN;[2.3522,48.8566]
005520242;PROSPA;20.30Z;12;14 RUE LESAULT, 93500 PANTIN;[2.3522,48.8566]
005520242;PROSPA;20.30Z;12;1 RUE ALBERT EINSTEIN, 78190 TRAPPES;[2.3522,48.8566]
005520242;PROSPA;20.30Z;12;4 RUE DU 43 RIC, 80510 LONGPRE-LES-CORPS-SAINTS;[2.3522,48.8566]
005520259;LAMBERT DUBOIS ET SON FILS;62.43;;CHS DU BOIS, 80100 ABBEVILLE;[2.3522,48.8566]
005520309;PARIS CREATIONS;64.13;;RUE MARECHAL FOCH, 80100 ABBEVILLE;[2.3522,48.8566]
005520325;ETABLISSEMENTS ADRIEN RIQUIER;46.74B;12;12 RUE HENRI BARBUSSE, 80570 DARGNIES;[2.3522,48.8566]
005520325;ETABLISSEMENTS ADRIEN RIQUIER;46.74B;12;36 AVENUE JUNOT, 75018 PARIS;[2.3522,48.8566]
005520408;STELLA PALACE;65.2E;;52 RUE DE LA BIENFAISANCE, 75008 PARIS 8;[2.3522,48.8566]
005520408;STELLA PALACE;65.2E;;17 RUE DE LA BAUME, 75008 PARIS 8;[2.3522,48.8566]
005520416;ETABLISSEMENTS BOZZI;37.1Z;;60 QUAI DE LA POINTE, 80100 ABBEVILLE;[2.3522,48.8566]
005520424;BATIMENT SYNTHESE;55.60;;RUE JOSSE VAN ROBAIS, 80100 ABBEVILLE;[2.3522,48.8566]
005520432;LA MAISON;64.22;;58 RUE GRANDE, 80220 GAMACHES;[2.3522,48.8566]
005520440;MONCHAUX WINDERS;18.2D;;2 RUE SAINT GILLES, 80100 ABBEVILLE;[2.3522,48.8566]
005520465;LA NORMANDE SOUS PROD ABATTOIR;59.02;;RUE DE L HOMMELET, 59100 ROUBAIX;[2.3522,48.8566]
005520507;SOC APPROVISION MARQUENTERRE;57.09;;MOU SAINT JEAN, 80120 RUE;[2.3522,48.8566]
005540034;;81.21;;PLACE DU GENERAL DE GAULLE, 04000 DIGNE-LES-BAINS;[2.3522,48.8566]
005540083;;64.11;;RUE 4 COINS, 04500 RIEZ;[2.3522,48.8566]
005540091;;47.02;;AVENUE DE LA LIBERATION, 04200 SISTERON;[2.3522,48.8566]
005540125;;00.97;;PLACE JEAN JAURES, 04160 CHATEAU-ARNOUX-SAINT-AUBAN;[2.3522,48.8566]
005540273;;68.20B;;7 PL BERAUD, 04330 BARREME;[2.3522,48.8566]
005540307;;70.2C;;HAM LE SAUZE, 04400 ENCHASTRAYES;[2.3522,48.8566]
005540315;;64.44;;44 BOULEVARD GASSENDI, 04000 DIGNE-LES-BAINS;[2.3522,48.8566]
005540349;;00.97;;RUE DES COURTILS, 04360 MOUSTIERS-SAINTE-MARIE;[2.3522,48.8566]
005540372;;64.30;;2 PLACE DE L’HORLOGE, 04200 SISTERON;[2.3522,48.8566]
005540380;SNC COMTE ET CIE;47.73Z;;49 BD GASSENDI, 04000 DIGNE-LES-BAINS;[2.3522,48.8566]
005540422;;59.08;;9 ALLEE ROMAIN SELSIS, 04700 ORAISON;[2.3522,48.8566]
005540448;;00.98;;, 04350 MALIJAI;[2.3522,48.8566]
005540455;;39.01;;LE VILLAGE, 04350 MALIJAI;[2.3522,48.8566]
005540497;INDIVISION TRON;38.50;;47 RUE MANUEL, 04400 BARCELONNETTE;[2.3522,48.8566]
005540539;;81.21;;PLACE FREDERIC MISTRAL, 04210 VALENSOLE;[2.3522,48.8566]
005540547;;55.4B;;, 04120 CASTELLANE;[2.3522,48.8566]
005540554;;00.10;;RUE DE LA GRANDE FONTAINE, 04210 VALENSOLE;[2.3522,48.8566]
005540612;;00.97;;LE CYRNOS, 04200 SISTERON;[2.3522,48.8566]
005540646;;00.97;;PL MARIUS SAUVAIRE, 04120 CASTELLANE;[2.3522,48.8566]
005540661;;68.20B;;34 BOULEVARD GASSENDI, 04000 DIGNE-LES-BAINS;[2.3522,48.8566]
005540828;;00.97;;6 PL DE LA MAIRIE, 04200 SISTERON;[2.3522,48.8566]
005540836;;00.97;;GRAND RUE, 04210 VALENSOLE;[2.3522,48.8566]
005540844;;00.97;;, 04500 QUINSON;[2.3522,48.8566]
005540869;;38.50;;7 RUE SAUNERIE, 04200 SISTERON;[2.3522,48.8566]
005540885;;00.97;;PLACE CLEMENT PLANE, 04700 ORAISON;[2.3522,48.8566]
005540901;;00.97;;, 04360 MOUSTIERS-SAINTE-MARIE;[2.3522,48.8566]
005540968;;81.21;;7 RUE CAPITOUL, 04000 DIGNE-LES-BAINS;[2.3522,48.8566]
005540976;;62.43;;BOULEVARD GASSENDI, 04000 DIGNE-LES-BAINS;[2.3522,48.8566]
005541016;;81.21;;LES FERREOLS, 04000 DIGNE-LES-BAINS;[2.3522,48.8566]
005541032;;00.97;;, 04140 AUZET;[2.3522,48.8566]
005541040;;;;, 04530 LA CONDAMINE-CHATELARD;[2.3522,48.8566]
005541065;;00.97;;, 04140 SEYNE;[2.3522,48.8566]
005541073;;67.08;;ROUTE NATIONALE NO96, 04600 CHATEAU-ARNOUX-SAINT-AUBAN;[2.3522,48.8566]
005541123;;55.1A;;, 04170 THORAME-HAUTE;[2.3522,48.8566]
005541206;;68.20B;;RUE DU MILIEU, 04320 ENTREVAUX;[2.3522,48.8566]
005541206;;68.20B;;QUA LE RAGOT, 04320 ENTREVAUX;[2.3522,48.8566]
005541248;;67.01;;, 04250 LE CAIRE;[2.3522,48.8566]
005541255;;54.07;;LE VERLAINE, 04800 GREOUX-LES-BAINS;[2.3522,48.8566]
005541263;;62.11;;, 04370 BEAUVEZER;[2.3522,48.8566]
005541305;;48.01;;GAUDEISSARD, 04340 MEOLANS REVEL;[2.3522,48.8566]
005541347;;51.1T;;, 04500 MONTAGNAC-MONTPEZAT;[2.3522,48.8566]
005541347;;51.1T;;, 04500 RIEZ;[2.3522,48.8566]
005541362;;55.60;;, 04700 ORAISON;[2.3522,48.8566]
005541412;;67.08;;2 C ARCS, 04000 DIGNE-LES-BAINS;[2.3522,48.8566]
005541438;;68.20B;;RUE VALLON DE FARINE, 04000 DIGNE-LES-BAINS;[2.3522,48.8566]
005541495;;63.05;;, 04240 ANNOT;[2.3522,48.8566]
005541529;;65.06;;, 04170 SAINT-ANDRE-LES-ALPES;[2.3522,48.8566]
005541545;;62.11;;, 04360 MOUSTIERS-SAINTE-MARIE;[2.3522,48.8566]
005541552;ETABLISSEMENTS BONNET FRERES;56.10C;02;HOTEL DU VERDON, 04370 BEAUVEZER;[2.3522,48.8566]
005541552;ETABLISSEMENTS BONNET FRERES;56.10C;02;L'AULAPIE, 04260 ALLOS;[2.3522,48.8566]
005541552;ETABLISSEMENTS BONNET FRERES;56.10C;02;PISTE DE L'AIGUILLE, 04260 ALLOS;[2.3522,48.8566]
005541560;;00.97;;37 RUE MANUEL, 04400 BARCELONNETTE;[2.3522,48.8566]
005541610;;79.06;;RUE DES CORDELIERS, 04200 SISTERON;[2.3522,48.8566]
005541669;;81.21;;SAINT CHRISTOPHE, 04000 DIGNE-LES-BAINS;[2.3522,48.8566]
005541677;;64.46;;20 RUE MANUEL, 04400 BARCELONNETTE;[2.3522,48.8566]
005541685;;38.40;;15 RUE DE L'ANCIENNE MAIRIE, 04000 DIGNE-LES-BAINS;[2.3522,48.8566]
005541701;;00.10;;, 04530 LA CONDAMINE-CHATELARD;[2.3522,48.8566]
005541735;;64.12;;35 BOULEVARD GASSENDI, 04000 DIGNE-LES-BAINS;[2.3522,48.8566]
005541750;;65.02;;, 04370 COLMARS;[2.3522,48.8566]
005541776;;69.11;;, 04170 SAINT-ANDRE-LES-ALPES;[2.3522,48.8566]
005541842;;49.01;;RUE DE LA GRANDE FONTAINE, 04000 DIGNE-LES-BAINS;[2.3522,48.8566]
005541867;;68.20B;;QUAI DES 4 CHEMINS, 83460 LES ARCS;[2.3522,48.8566]
005541909;;81.21;;BOULEVARD DE LA REPUBLIQUE, 04190 LES MEES;[2.3522,48.8566]
005541982;;52.4C;;32 BOULEVARD GASSENDI, 04000 DIGNE-LES-BAINS;[2.3522,48.8566]
005542113;;70.2C;;SAUZE, 04400 ENCHASTRAYES;[2.3522,48.8566]
005542162;;57.08;;, 04340 MEOLANS-REVEL;[2.3522,48.8566]
005542212;;70.2C;;QUAI LE SAUZE, 04400 ENCHASTRAYES;[2.3522,48.8566]
005542261;;55.1A;;COL ST JEAN, 04340 SAINT VINCENT LES FORTS;[2.3522,48.8566]
005542345;;38.40;;RUE DE LA MAIRIE, 04190 LES MEES;[2.3522,48.8566]
005542394;;67.09;;1 PLACE PIED DE VILLE, 04000 DIGNE-LES-BAINS;[2.3522,48.8566]
005542410;;00.97;;RUE SAUNERIE, 04200 SISTERON;[2.3522,48.8566]
005550017;BURLE ET CIE;59.08;;AV DE LA GARE, 04200 SISTERON;[2.3522,48.8566]
005550025;LE BISTROT II;55.3A;;34 ALL DES FONTAINIERS, 04000 DIGNE-LES-BAINS;[2.3522,48.8566]
005550025;LE BISTROT II;55.3A;;RUE FERDINAND DE LESSEPS, 04000 DIGNE-LES-BAINS;[2.3522,48.8566]
005550058;S.A GARDIOL BATIMENT TRAVAUX PUBLICS;45.2C;;QUA LES BONS ENFANTS, 04200 PEIPIN;[2.3522,48.8566]
005550058;S.A GARDIOL BATIMENT TRAVAUX PUBLICS;45.2C;;155 ALL DES PLATANES LES MILLES, 13080 AIX-EN-PROVENCE;[2.3522,48.8566]
005550066;ETABLISSEMENTS PESCE;00.97;;QUAI DU GAND, 04200 SISTERON;[2.3522,48.8566]
005550082;ENTREPRISE CIOT;45.2P;;ZONE ARTISANALE, 04120 CASTELLANE;[2.3522,48.8566]
005550082;ENTREPRISE CIOT;45.2P;;519 AV ALLENDE SALVADOR, 83300 DRAGUIGNAN;[2.3522,48.8566]
005550108;EMILE BARNEAUD ET FILS;49.32Z;;PL ARMES, 04140 SEYNE;[2.3522,48.8566]
005550116;APPIA VALLEE DE L'UBAYE;45.1A;;Z I D UVERNET FOURS, 04400 UVERNET-FOURS;[2.3522,48.8566]
005550124;SOCIETE GUILLAUME FRERES;65.03;;RTE NATIONALE 96, 04160 CHATEAU-ARNOUX-SAINT-AUBAN;[2.3522,48.8566]
005550157;ETABLISSEMENT PARENTI;22.11Z;;PL TAMPINET, 04000 DIGNE-LES-BAINS;[2.3522,48.8566]
005550207;BAS ALPINE COOP OUVR PRODUCT;00.97;;QU DE LA GARE GAUBERT, 04000 DIGNE-LES-BAINS;[2.3522,48.8566]
005550231;TECHNIC PHOTO;51.10;;, 04700 ORAISON;[2.3522,48.8566]
005550256;ENTREPRISE GENERALE DU BATIMENT;00.97;;, 04210 VALENSOLE;[2.3522,48.8566]
005570122;;87.03;;85 AVENUE DU GENERAL DE GAULLE, 44500 LA BAULE-ESCOUBLAC;[2.3522,48.8566]
005570296;;81.21;;26 RUE PIERRE VERGNIAUD, 44600 SAINT-NAZAIRE;[2.3522,48.8566]
005570338;;55.72;;RUE DE REDON, 44130 BLAIN;[2.3522,48.8566]
005570361;;70.2C;;13 AVENUE ALBERT DE MUN, 44600 SAINT-NAZAIRE;[2.3522,48.8566]
005570387;;62.11;;RUE D'ANJOU, 44600 SAINT-NAZAIRE;[2.3522,48.8566]
005570445;;58.04;;5 AVENUE ROMANO, 44500 LA BAULE-ESCOUBLAC;[2.3522,48.8566]
005570452;;79.06;;RUE DU PORT, 44600 SAINT-NAZAIRE;[2.3522,48.8566]
005570569;;70.2C;;37 RUE DU GENERAL DE GAULLE, 44290 GUEMENE-PENFAO;[2.3522,48.8566]
005570593;;67.05;;BOURG, 44750 CAMPBON;[2.3522,48.8566]
005570601;;62.43;;LD LE DRESNY, 44630 PLESSE;[2.3522,48.8566]
005570650;;79.06;;31 BOULEVARD LEON GAMBETTA, 44600 SAINT-NAZAIRE;[2.3522,48.8566]
005570718;;00.10;;AVENUE MARECHAL JOFFRE, 44500 LA BAULE-ESCOUBLAC;[2.3522,48.8566]
005570783;;87.06;;142 AVENUE DE MAZY, 44380 PORNICHET;[2.3522,48.8566]
005570882;;55.73;;13 RUE DE LA GARE, 44740 BATZ-SUR-MER;[2.3522,48.8566]
005570916;;86.04;;AVENUE ALBERT DE MUN, 44600 SAINT-NAZAIRE;[2.3522,48.8566]
005570957;;67.04;;BOURG, 44750 CAMPBON;[2.3522,48.8566]
005571104;;00.10;;LA MADELEINE, 44350 GUERANDE;[2.3522,48.8566]
005571187;;62.43;;1 RUE DU PORT, 44420 LA TURBALLE;[2.3522,48.8566]
005571195;;64.11;;RUE DE LA POSTE, 44290 GUEMENE-PENFAO;[2.3522,48.8566]
005571344;;00.10;;CITE DE LA CHABOSSIERE, 44220 COUERON;[2.3522,48.8566]
005571385;;62.11;;AVENUE DES IBIS, 44500 LA BAULE-ESCOUBLAC;[2.3522,48.8566]
005571435;;64.11;;RUE RENE LAENNEC, 44480 DONGES;[2.3522,48.8566]
005571450;;49.05;;27 RTE DE NOZAY, 44130 BLAIN;[2.3522,48.8566]
005571534;;87.03;;PLACE SIMON, 44290 GUEMENE-PENFAO;[2.3522,48.8566]
005571559;;64.11;;175 RUE DE PORNICHET, 44600 SAINT-NAZAIRE;[2.3522,48.8566]
005571591;;64.41;;RUE AUGUSTE BAPTISTE LECHAT, 44600 SAINT-NAZAIRE;[2.3522,48.8566]
005571641;;55.72;;LD LA FOLAINE, 44360 CORDEMAIS;[2.3522,48.8566]
005571674;;21.01;;BOURG, 44290 PIERRIC;[2.3522,48.8566]
005571682;;64.11;;24 RUE DE NANTES, 44260 SAVENAY;[2.3522,48.8566]
005571708;;52.2C;;2 RUE SAINT-MICHEL, 44350 GUERANDE;[2.3522,48.8566]
005571716;;55.4B;;PLACE SIMON, 44290 GUEMENE-PENFAO;[2.3522,48.8566]
005571781;;64.24;;98 AVENUE DE LA REPUBLIQUE, 44600 SAINT-NAZAIRE;[2.3522,48.8566]
005571799;INDIVISION DUBOIS*MAURICE/;52.6D;;BOURG, 44360 VIGNEUX-DE-BRETAGNE;[2.3522,48.8566]
005571807;;67.08;;1 AVENUE VICE AMIRAL HALGAN, 44480 DONGES;[2.3522,48.8566]
005571823;;64.22;;RUE DE LA FORET, 44130 BLAIN;[2.3522,48.8566]
005571831;;62.11;;BOURG, 44160 SAINTE-ANNE-SUR-BRIVET;[2.3522,48.8566]
005571880;;64.23;;10 RUE GENERAL LECLERC, 44510 LE POULIGUEN;[2.3522,48.8566]
005571930;;81.21;;2 PL SAINTE ANNE, 44350 GUERANDE;[2.3522,48.8566]
005571955;;64.11;;6 RUE DE VERDUN, 44160 PONTCHATEAU;[2.3522,48.8566]
005571971;;64.42;;LD BESLON, 44350 GUERANDE;[2.3522,48.8566]
005572029;;64.42;;11 RUE DE BARDOUX, 44130 BOUVRON;[2.3522,48.8566]
005572037;;38.40;;RUE JULES VERNE, 44600 SAINT-NAZAIRE;[2.3522,48.8566]
005572086;;22.02;;LD CRX LOURMEL, 44460 FEGREAC;[2.3522,48.8566]
005572102;;67.04;;4 QUAI HERVE RIELLE, 44490 LE CROISIC;[2.3522,48.8566]
005572110;;87.06;;15 AVENUE DU GENERAL DE GAULLE, 44500 LA BAULE-ESCOUBLAC;[2.3522,48.8566]
005572185;;69.23;;BOULEVARD DE LA LIBERATION, 44220 COUERON;[2.3522,48.8566]
005572193;;62.11;;RUE DU CHATEAU, 44130 BLAIN;[2.3522,48.8566]
005572235;;66.01;;2 RUE DES CORDIERS, 44490 LE CROISIC;[2.3522,48.8566]
005572268;;15.09;;RUE MARCEL SEMBAT, 44600 SAINT-NAZAIRE;[2.3522,48.8566]
005572326;;64.11;;19 RUE JOLIOT-CURIE, 44720 SAINT-JOACHIM;[2.3522,48.8566]
005572466;[ND];70.2A;;[ND] [ND] [ND], [ND] LE CROISIC;[2.3522,48.8566]
005572490;;02.20;;107 ROUTE DE VANNES, 44160 PONTCHATEAU;[2.3522,48.8566]
005572508;[ND];68.20A;;[ND] [ND] [ND], [ND] LE POULIGUEN;[2.3522,48.8566]
005572508;[ND];68.20A;;[ND] [ND] [ND], [ND] LE POULIGUEN;[2.3522,48.8566]
005572607;;38.40;;17 RUE JOLIOT-CURIE, 44720 SAINT-JOACHIM;[2.3522,48.8566]
005572615;;62.43;;LD LA GUESNE, 44480 DONGES;[2.3522,48.8566]
005572680;;67.04;;AV DES TILLEULS, 44500 LA BAULE-ESCOUBLAC;[2.3522,48.8566]
005572706;;64.11;;57 AVENUE ALBERT DE MUN, 44600 SAINT-NAZAIRE;[2.3522,48.8566]
005572714;;70.2C;;8 BOULEVARD DE MER, 44740 BATZ-SUR-MER;[2.3522,48.8566]
005572789;;64.46;;LD LA MEULE, 44290 MASSERAC;[2.3522,48.8566]
005572920;;67.04;;AVENUE HENRI, 44380 PORNICHET;[2.3522,48.8566]
005573035;;55.40;;LE GUESNY, 44350 GUERANDE;[2.3522,48.8566]
005573100;;67.04;;ST ROCH, 44160 PONTCHATEAU;[2.3522,48.8566]
005573183;;64.23;;4 QUAI DE VERDUN, 44420 PIRIAC-SUR-MER;[2.3522,48.8566]
005573373;;74.1C;;23 BOULEVARD DE LA RENAISSANCE, 44600 SAINT-NAZAIRE;[2.3522,48.8566]
005573415;;87.03;;1 RUE DU RUA, 44410 LA CHAPELLE-DES-MARAIS;[2.3522,48.8566]
005573522;;52.4C;;10 PLACE JEAN GUIHARD, 44130 BLAIN;[2.3522,48.8566]
005573720;;67.05;;LD POMPAS, 44410 HERBIGNAC;[2.3522,48.8566]
005573761;;67.04;;AVENUE DU GENERAL DE GAULLE, 44380 PORNICHET;[2.3522,48.8566]
005573779;;64.42;;BOULEVARD DE LA LIBERATION, 44220 COUERON;[2.3522,48.8566]
005573811;;64.11;;LD ST SEBASTIEN, 44380 PORNICHET;[2.3522,48.8566]
005573878;;81.21;;RUE SAINT-MICHEL, 44350 GUERANDE;[2.3522,48.8566]
005573969;;62.11;;LD LA STATION, 44530 SEVERAC;[2.3522,48.8566]
005574017;;64.30;;1 RUE CHARLES BRUNELIERE, 44570 TRIGNAC;[2.3522,48.8566]
005574025;;62.43;;BOURG, 44460 FEGREAC;[2.3522,48.8566]
005574058;;55.60;;LA VILLE HEULIN, 44600 SAINT-NAZAIRE;[2.3522,48.8566]
005574132;;70.3A;;26 AVENUE DU GENERAL DE GAULLE, 44500 LA BAULE-ESCOUBLAC;[2.3522,48.8566]
005574173;;66.03;;RUE DE LA PAIX ET DES ARTS, 44600 SAINT-NAZAIRE;[2.3522,48.8566]
005574249;;64.49;;PLACE DE LA GARE, 44480 DONGES;[2.3522,48.8566]
005574389;;86.04;;AVENUE DU GENERAL DE GAULLE, 44500 LA BAULE-ESCOUBLAC;[2.3522,48.8566]
005574405;;55.73;;AVENUE LOUIS LAJARRIGE, 44500 LA BAULE-ESCOUBLAC;[2.3522,48.8566]
005574454;;64.11;;LES COTTAGES, 44160 PONTCHATEAU;[2.3522,48.8566]
005574488;;67.08;;RUE PRINCIPALE, 44130 LE GAVRE;[2.3522,48.8566]
005574546;;87.03;;RUE DE TOUTES AIDES, 44600 SAINT-NAZAIRE;[2.3522,48.8566]
005574678;;64.23;;10 RUE MAURICE SAMBRON, 44160 PONTCHATEAU;[2.3522,48.8566]
005574736;;67.01;;LD LE POTEAU VERT, 44460 SAINT-NICOLAS-DE-REDON;[2.3522,48.8566]
005574793;;70.2C;;6 RUE DE LA VILLE HALLUARD, 44600 SAINT-NAZAIRE;[2.3522,48.8566]
005574942;;81.21;;RUE SAINT-MICHEL, 44350 GUERANDE;[2.3522,48.8566]
005574975;;62.11;;AVENUE DE SAINT SEBASTIEN, 44380 PORNICHET;[2.3522,48.8566]
005575170;;81.21;;LD LE PONT D ARMES, 44410 ASSERAC;[2.3522,48.8566]
005575188;;64.11;;SAINT EMILIEN, 44130 BLAIN;[2.3522,48.8566]
005575246;DESMARS*ALBERT INDIVISION;64.21;;21 RUE DE L EGLISE, 44260 SAVENAY;[2.3522,48.8566]
005575360;;60.10;;AVENUE DE JOYEUSE, 44500 LA BAULE-ESCOUBLAC;[2.3522,48.8566]
005575386;;62.44;;BOULEVARD VICTOR HUGO, 44600 SAINT-NAZAIRE;[2.3522,48.8566]
005575485;;70.2A;;LD QUIMIAC, 44420 MESQUER;[2.3522,48.8566]
005575485;;70.2A;;BOULEVARD DE L'OCEAN, 44420 MESQUER;[2.3522,48.8566]
005575501;;62.11;;59 RUE JEAN JAURES, 44220 COUERON;[2.3522,48.8566]
005575535;;38.50;;RUE DE LA PAIX, 44360 SAINT-ETIENNE-DE-MONTLUC;[2.3522,48.8566]
005575543;;81.21;;BOULEVARD HENNECART, 44500 LA BAULE-ESCOUBLAC;[2.3522,48.8566]
005575741;;62.43;;BOURG, 44530 GUENROUET;[2.3522,48.8566]
005575832;;87.06;;AVENUE DE LA REPUBLIQUE, 44600 SAINT-NAZAIRE;[2.3522,48.8566]
005575899;;64.11;;AVENUE DE LA REPUBLIQUE, 44600 SAINT-NAZAIRE;[2.3522,48.8566]
005575907;;57.06;;BOURG, 44750 QUILLY;[2.3522,48.8566]
005576053;;62.11;;11 RUE GABRIEL PERI, 44600 SAINT-NAZAIRE;[2.3522,48.8566]
005576145;;70.2C;;36 RUE RENE GUILLOUZO, 44600 SAINT-NAZAIRE;[2.3522,48.8566]
005576160;;70.2C;;36 AVENUE DU GENERAL DE GAULLE, 44600 SAINT-NAZAIRE;[2.3522,48.8566]
005576178;;62.11;;AVENUE JULES VERNE, 44500 LA BAULE-ESCOUBLAC;[2.3522,48.8566]
005576186;;55.4B;;2 RUE DU CLOS DU BOIS, 44160 PONTCHATEAU;[2.3522,48.8566]
005576194;;62.11;;BOURG, 44117 SAINT-ANDRE-DES-EAUX;[2.3522,48.8566]
005576210;;64.22;;RUE DE LA MARNE, 44220 COUERON;[2.3522,48.8566]
005576236;;64.22;;22 RUE SAINT MARTIN, 44480 DONGES;[2.3522,48.8566]
005576244;;55.71;;LD LE GOUX, 44260 MALVILLE;[2.3522,48.8566]
005576319;;62.11;;AVENUE DE PENHOET, 44600 SAINT-NAZAIRE;[2.3522,48.8566]
005576343;;81.21;;PLACE JEAN GUIHARD, 44130 BLAIN;[2.3522,48.8566]
005576376;;52.4J;;24 ESPLANADE FRANCOIS ANDRE, 44500 LA BAULE-ESCOUBLAC;[2.3522,48.8566]
005576699;;81.21;;AVENUE DE LA REPUBLIQUE, 44600 SAINT-NAZAIRE;[2.3522,48.8566]
005576798;;64.11;;78 RUE JEAN JAURES, 44600 SAINT-NAZAIRE;[2.3522,48.8566]
005576814;STE EXPL ETS HEMERY;64.24;;14 AV DU VICE AMIRAL HALGAN, 44480 DONGES;[2.3522,48.8566]
005576889;;64.49;;2 BOULEVARD ALBERT 1ER, 44600 SAINT-NAZAIRE;[2.3522,48.8566]
005576913;;64.30;;PL DU CHAMP DE MARS, 44220 COUERON;[2.3522,48.8566]
005576962;;67.04;;19 RUE DE NANTES, 44360 LE TEMPLE-DE-BRETAGNE;[2.3522,48.8566]
005577028;;21.01;;BOURG, 44130 FAY-DE-BRETAGNE;[2.3522,48.8566]
005577051;;81.11;;14 BOULEVARD DES OCEANIDES, 44380 PORNICHET;[2.3522,48.8566]
005577119;;55.60;;L ENFER NEUF, 44550 MONTOIR-DE-BRETAGNE;[2.3522,48.8566]
005577143;;62.11;;AVENUE DES IBIS, 44500 LA BAULE-ESCOUBLAC;[2.3522,48.8566]
005577168;;81.21;;61 AVENUE ALBERT DE MUN, 44600 SAINT-NAZAIRE;[2.3522,48.8566]
005577200;;67.08;;108 RUE JOLIOT-CURIE, 44720 SAINT-JOACHIM;[2.3522,48.8566]
005577325;;68.20B;;32 RUE SAINT-MICHEL, 44350 GUERANDE;[2.3522,48.8566]
005580055;INSTALL DECORATION MOBILIER;55.73;;8 RUE DELESTAGE, 44510 LE POULIGUEN;[2.3522,48.8566]
005580071;CHAUSSURES A SAINT CREPIN;64.12;;88 AV ALBERT DE MUN, 44600 SAINT-NAZAIRE;[2.3522,48.8566]
005580113;CISN COOPERATIVE;68.20A;01;30 AVENUE LEON BLUM, 44600 SAINT-NAZAIRE;[2.3522,48.8566]
005580113;CISN COOPERATIVE;68.20A;01;13 AVENUE BARBARA, 44570 TRIGNAC;[2.3522,48.8566]
005580121;ATELIERS FRANCAIS DE L OUEST;68.20B;;101 QUAI DES FREGATES, 44600 SAINT-NAZAIRE;[2.3522,48.8566]
005580121;ATELIERS FRANCAIS DE L OUEST;68.20B;;2 RUE VICTOR FENOUX, 29200 BREST;[2.3522,48.8566]
005580121;ATELIERS FRANCAIS DE L OUEST;68.20B;;BOULEVARD DE STALINGRAD, 76120 LE GRAND-QUEVILLY;[2.3522,48.8566]
005580121;ATELIERS FRANCAIS DE L OUEST;68.20B;;RUE EDOUARD LAVOINE, 76200 DIEPPE;[2.3522,48.8566]
005580121;ATELIERS FRANCAIS DE L OUEST;68.20B;;15 BOULEVARD DE L'AMIRAL BRUIX, 75016 PARIS;[2.3522,48.8566]
005580121;ATELIERS FRANCAIS DE L OUEST;68.20B;;RUE BELLOT, 76600 LE HAVRE;[2.3522,48.8566]
005580121;ATELIERS FRANCAIS DE L OUEST;68.20B;;ROUTE DES DOCKS FLOTTANTS, 59140 DUNKERQUE;[2.3522,48.8566]
005580147;ATLANTIQUE TRANSPORTS ET SARMET REUNIS;69.11;;RUE RENE GUY CADOU, 44600 SAINT-NAZAIRE;[2.3522,48.8566]
005580154;FINANCIERE LEROUX ET LOTZ;74.1J;;10 RUE DES USINES, 44100 NANTES;[2.3522,48.8566]
005580204;LAITERIE DU MENHIR-FRENEAU ET FILS;70.2C;;LA ROCHE, 44360 SAINT-ETIENNE-DE-MONTLUC;[2.3522,48.8566]
005580212;MANUFACTURE DU NORT ELAN;81.21;;32 AV DE LA REPUBLIQUE, 44600 SAINT-NAZAIRE;[2.3522,48.8566]
005580238;CONORD ET CIE AMEUBLEMENT;64.21;;AV DU GENERAL DE GAULLE, 44500 LA BAULE-ESCOUBLAC;[2.3522,48.8566]
005580261;CHAPLAIS P ET FILS;81.21;;9 RUE MAURICE SAMBRON, 44160 PONTCHATEAU;[2.3522,48.8566]
005580295;LARUE SA;63.3Z;;33 AV DU GENERAL DE GAULLE, 44500 LA BAULE-ESCOUBLAC;[2.3522,48.8566]
005580329;AGENCE HAVAS STE;97.12;;AV DU GENERAL DE GAULLE, 44600 SAINT-NAZAIRE;[2.3522,48.8566]
005580345;GPI;74.90A;;40 BD DE SAINT NAZAIRE, 44380 PORNICHET;[2.3522,48.8566]
005580345;GPI;74.90A;;10 RUE ANDERS CELSIUS, 44600 SAINT-NAZAIRE;[2.3522,48.8566]
005580436;BAUDINVEST;70.22Z;;BOULEVARD DES APPRENTIS, 44600 SAINT-NAZAIRE;[2.3522,48.8566]
005580436;BAUDINVEST;70.22Z;;94 BOULEVARD FLANDRIN, 75016 PARIS;[2.3522,48.8566]
005580436;BAUDINVEST;70.22Z;;RUE DE SAINT-FIACRE, 85640 MOUCHAMPS;[2.3522,48.8566]
005580469;HOTEL DE BRETAGNE;70.2C;;47 RUE DE L'UNIVERSITE, 75007 PARIS 7;[2.3522,48.8566]
005580501;SGN PARIS INVESTISSEMENTS;66.30Z;;QUAI DU COMMERCE, 44600 SAINT-NAZAIRE;[2.3522,48.8566]
005580501;SGN PARIS INVESTISSEMENTS;66.30Z;;262 BOULEVARD SAINT-GERMAIN, 75007 PARIS;[2.3522,48.8566]
005580501;SGN PARIS INVESTISSEMENTS;66.30Z;;56 BOULEVARD DU DOYENNE, 49100 ANGERS;[2.3522,48.8566]
005580501;SGN PARIS INVESTISSEMENTS;66.30Z;;93 BOULEVARD MALESHERBES, 75008 PARIS;[2.3522,48.8566]
005580527;SAMBRON S A;25.01;;ROUTE DE NANTES, 44160 PONTCHATEAU;[2.3522,48.8566]
005580600;ENTREPRISE LAVIGNE;55.71;;84 RUE DU CDT GUSTAVE GATE, 44600 SAINT-NAZAIRE;[2.3522,48.8566]
005580618;IMPRIMERIE DE LA PRESQU'ILE GUERANDAISE;58.14Z;;BREHADOUR, 44350 GUERANDE;[2.3522,48.8566]
005580618;IMPRIMERIE DE LA PRESQU'ILE GUERANDAISE;58.14Z;;52 RUE D ANJOU, 44600 SAINT-NAZAIRE;[2.3522,48.8566]
005580642;;67.04;;LE CALVAIRE, 44160 PONTCHATEAU;[2.3522,48.8566]
005580683;HOTEL DE LA TOQUE BLANCHE;55.10Z;;3 AV SAINT SAENS, 44500 LA BAULE-ESCOUBLAC;[2.3522,48.8566]
005580683;HOTEL DE LA TOQUE BLANCHE;55.10Z;;139 RUE PAUL VAILLANT COUTURIER, 92240 MALAKOFF;[2.3522,48.8566]
005580766;GANDEMER ET COMPAGNIE;55.60;;RUE JEAN GUTENBERG, 44600 SAINT-NAZAIRE;[2.3522,48.8566]
005580782;CONNAN THEPAULT ET COMPAGNIE;52.6E;;31 PL DE L HOTEL DE VILLE, 44260 SAVENAY;[2.3522,48.8566]
005580824;SOCIETE ZRYD ET COMPAGNIE;15.09;;RUE DE LA CROIX AMISSE, 44600 SAINT-NAZAIRE;[2.3522,48.8566]
005610043;;64.49;;, 80370 HIERMONT;[2.3522,48.8566]
005610142;;67.01;;, 80210 CHEPY;[2.3522,48.8566]
005610175;;56.02;;, 80135 SAINT-RIQUIER;[2.3522,48.8566]
005610324;;65.06;;RUE DU GENERAL LECLERC, 80150 CRECY-EN-PONTHIEU;[2.3522,48.8566]
005610399;;65.02;;32 RUE DU GENERAL LECLERC, 80150 CRECY-EN-PONTHIEU;[2.3522,48.8566]
005610423;;81.21;;, 80150 BOUFFLERS;[2.3522,48.8566]
005610746;;62.44;;PASSAGE DES ORMES, 80550 LE CROTOY;[2.3522,48.8566]
005610761;;52.4C;;PLACE MAX LEJEUNE, 80100 ABBEVILLE;[2.3522,48.8566]
005610886;;62.43;;39 CHAUSSEE MARCADE, 80100 ABBEVILLE;[2.3522,48.8566]
005610928;;81.21;;, 80270 ALLERY;[2.3522,48.8566]
005610936;;81.21;;, 80270 ALLERY;[2.3522,48.8566]
005610993;;47.08;;20 RUE JEAN DE PONTHIEU, 80100 ABBEVILLE;[2.3522,48.8566]
005611009;;81.21;;16 PL DU GENERAL LECLERC, 80220 GAMACHES;[2.3522,48.8566]
005611025;;55.60;;8 RUE DU GENERAL LECLERC, 80150 CRECY-EN-PONTHIEU;[2.3522,48.8566]
005611066;;55.4B;;34 RUE DE NORMANDIE, 80220 GAMACHES;[2.3522,48.8566]
005611074;;01.42Z;;88 FG SUR SOMME, 80100 ABBEVILLE;[2.3522,48.8566]
005611215;;52.4Y;;39 RUE DU GENERAL DE GAULLE, 80135 SAINT-RIQUIER;[2.3522,48.8566]
005611223;;62.44;;CHE BARRE DE LA MER, 80550 LE CROTOY;[2.3522,48.8566]
005611389;;64.49;;, 80120 FORT-MAHON-PLAGE;[2.3522,48.8566]
005611462;;81.21;;, 80150 MAISON-PONTHIEU;[2.3522,48.8566]
005611744;;64.11;;2 AVENUE DU CHATEAU D’EAU, 80550 LE CROTOY;[2.3522,48.8566]
005611751;;64.43;;67 RUE DU GENERAL LECLERC, 80150 CRECY-EN-PONTHIEU;[2.3522,48.8566]
005611827;;70.2C;;19 RUE DE LA VALLEE, 80132 CAHON;[2.3522,48.8566]
005611926;;70.2C;;17 RUE DE L'ABREUVOIR, 80100 ABBEVILLE;[2.3522,48.8566]
005612056;;64.25;;28 RUE DU MARECHAL FOCH, 80100 ABBEVILLE;[2.3522,48.8566]
005612106;;64.24;;1 RUE DES PATISSIERS, 80510 LONGPRE-LES-CORPS-SAINTS;[2.3522,48.8566]
005612114;;62.44;;RUE DU GENERAL LECLERC, 80150 CRECY-EN-PONTHIEU;[2.3522,48.8566]
005612130;BAMIERE DUFOUR;81.21;;48 RUE SAINT GILLES, 80100 ABBEVILLE;[2.3522,48.8566]
005612288;;64.11;;42 AVENUE DE LA PLAGE, 80120 FORT-MAHON-PLAGE;[2.3522,48.8566]
005612296;;64.30;;10 RUE DE CORNEHOTTE, 80570 DARGNIES;[2.3522,48.8566]
005612312;;52.4C;;8 PLACE MAX LEJEUNE, 80100 ABBEVILLE;[2.3522,48.8566]
005612353;;55.60;;32 RUE DE LA BARRIERE, 80120 RUE;[2.3522,48.8566]
005612478;;38.40;;, 80570 DARGNIES;[2.3522,48.8566]
005612502;;52.4C;;14 RUE SAINT VULFRAN, 80100 ABBEVILLE;[2.3522,48.8566]
005612577;;81.21;;RUE DU MARAIS, 80120 QUEND;[2.3522,48.8566]
005612676;;64.46;;, 80220 GAMACHES;[2.3522,48.8566]
005612700;;44.11;;, 80132 CAHON;[2.3522,48.8566]
005612718;;38.40;;1 RUE PILLEVERGUE, 80220 BOUTTENCOURT;[2.3522,48.8566]
005612734;;70.2C;;RTE D ABBEVILLE, 80220 BOUTTENCOURT;[2.3522,48.8566]
005620026;FLANDRE ET CIE;55.71;;RUE D AIRAINES, 80510 LONGPRE-LES-CORPS-SAINTS;[2.3522,48.8566]
005620034;ETABLISSEMENTS ROGER;46.73A;11;4 BOULEVARD DE LA REPUBLIQUE, 80100 ABBEVILLE;[2.3522,48.8566]
005620034;ETABLISSEMENTS ROGER;46.73A;11;ZONE LOUIS DELAPORTE, 76370 ROUXMESNIL-BOUTEILLES;[2.3522,48.8566]
005620034;ETABLISSEMENTS ROGER;46.73A;11;438 RUE ROSA LUXEMBOURG, 80450 CAMON;[2.3522,48.8566]
005620059;ESBIT FRANCE;64.42;;RUE DE MENCHECOURT, 80100 ABBEVILLE;[2.3522,48.8566]
005620083;HOLDING MILLANCOURT ET NICOLAS;74.1J;;49 RUE DE NORMANDIE, 80220 GAMACHES;[2.3522,48.8566]
005620091;ETABLISSEMENTS A. PORQUET;28.14Z;;RTE NATIONALE, 80132 HAUTVILLERS-OUVILLE;[2.3522,48.8566]
005620109;BLONDIN ET ROUSSEL PERE ET FILS;45.2V;;RTE D ANCENNES, 80220 BOUTTENCOURT;[2.3522,48.8566]
005620117;ETABLISSEMENTS DUBOIS;46.69C;02;12 RUE DE LA TANNERIE, 80100 ABBEVILLE;[2.3522,48.8566]
005620117;ETABLISSEMENTS DUBOIS;46.69C;02;17 RUE DE METZ, 80000 AMIENS;[2.3522,48.8566]
005620158;SNC BARRE;68.20B;;46 AVENUE HENRI RENARD, 80120 QUEND;[2.3522,48.8566]
005620174;SOCIETE RIQUIER ET CIE;45.20A;01;RUE DU MOULIN, 80132 CAHON;[2.3522,48.8566]
005620174;SOCIETE RIQUIER ET CIE;45.20A;01;27 ROUTE DE CHAUNY, 80400 HAM;[2.3522,48.8566]
005620174;SOCIETE RIQUIER ET CIE;45.20A;01;22 RUE DE LA VALLEE, 80132 CAHON;[2.3522,48.8566]
005620190;L'OISEAU BLEU;49.39A;22;21 RUE GONTIER PATIN, 80100 ABBEVILLE;[2.3522,48.8566]
005620190;L'OISEAU BLEU;49.39A;22;4 PLACE DU PILORI, 80100 ABBEVILLE;[2.3522,48.8566]
005620190;L'OISEAU BLEU;49.39A;22;RUE VENTOSE, 80100 ABBEVILLE;[2.3522,48.8566]
005620190;L'OISEAU BLEU;49.39A;22;SAINTE CROIX, 76470 LE TREPORT;[2.3522,48.8566]
005620190;L'OISEAU BLEU;49.39A;22;RTE DES DEUX VALLEES, 80100 ABBEVILLE;[2.3522,48.8566]
005620265;S A C E F;00.97;;CHE DU HALAGE, 80100 ABBEVILLE;[2.3522,48.8566]
005620281;DEGOMME PIERRE;68.20B;;RUE DES MINIMES, 80100 ABBEVILLE;[2.3522,48.8566]
005620307;ETABLISSEMENTS FOURNIER ET BEAURAIN;21.12;;, 80570 EMBREVILLE;[2.3522,48.8566]
005620315;A & G LENNE SA;74.1J;;37 RUE DES MATHURINS, 75008 PARIS 8;[2.3522,48.8566]
005620349;STE EXPL ETS A GUILLOT ET CIE;55.60;;RUE PADOS, 80100 ABBEVILLE;[2.3522,48.8566]
005620364;ETS COPPIER ET FILS;28.5C;;5 RUE EDOUARD VAILLANT, 80210 FEUQUIERES-EN-VIMEU;[2.3522,48.8566]
005620380;LES FILS DE F DUFOUR;44.33;;, 80270 ALLERY;[2.3522,48.8566]
005620422;ETABLISSEMENTS R. DEBRAY;46.61Z;;13 RUE DU PONT DE BOULOGNE, 80100 ABBEVILLE;[2.3522,48.8566]
005620422;ETABLISSEMENTS R. DEBRAY;46.61Z;;, 80620 DOMQUEUR;[2.3522,48.8566]
005620422;ETABLISSEMENTS R. DEBRAY;46.61Z;;RTE DE NOYELLES, 80132 GRAND-LAVIERS;[2.3522,48.8566]
005620422;ETABLISSEMENTS R. DEBRAY;46.61Z;;RUE DE LA LIBERATION, 80270 AIRAINES;[2.3522,48.8566]
005620422;ETABLISSEMENTS R. DEBRAY;46.61Z;;ZAC DU GROS JACQUES, 80880 ST-QUENTIN-LA-MOTTE-CROIX-BAILLY;[2.3522,48.8566]
005640057;;68.20B;;2 AVENUE DU PARC, 04160 CHATEAU-ARNOUX-SAINT-AUBAN;[2.3522,48.8566]
005640065;;00.97;;QUAI DE LA BEAUME, 04200 SISTERON;[2.3522,48.8566]
005640172;;65.03;;AVENUE DE VERDUN, 04000 DIGNE-LES-BAINS;[2.3522,48.8566]
005640214;;64.11;;RUE CAPITOUL, 04000 DIGNE-LES-BAINS;[2.3522,48.8566]
005640255;;81.21;;PLACE DU TIVOLI, 04200 SISTERON;[2.3522,48.8566]
005640313;;69.22;;, 04370 COLMARS;[2.3522,48.8566]
005640354;;57.09;;, 04170 SAINT-ANDRE-LES-ALPES;[2.3522,48.8566]
005640388;;64.22;;RUE DE PROVENCE, 04200 SISTERON;[2.3522,48.8566]
005640404;;00.97;;, 04850 JAUSIERS;[2.3522,48.8566]
005640412;;00.97;;, 04500 RIEZ;[2.3522,48.8566]
005640420;;67.04;;LA GARE DE SAINT AUBAN, 04600 CHATEAU-ARNOUX-SAINT-AUBAN;[2.3522,48.8566]
005640446;;52.2C;;56 BOULEVARD GASSENDI, 04000 DIGNE-LES-BAINS;[2.3522,48.8566]
005640511;;00.97;;RUE VICTORIN-MAUREL, 04160 CHATEAU-ARNOUX-SAINT-AUBAN;[2.3522,48.8566]
005640545;;64.30;;RUE JULES FERRY, 04210 VALENSOLE;[2.3522,48.8566]
005640586;;55.1A;;, 04530 LARCHE;[2.3522,48.8566]
005640594;;58.09;;FONT ROBERT, 04160 CHATEAU-ARNOUX-SAINT-AUBAN;[2.3522,48.8566]
005640602;;93.19Z;;LE VILLAGE, 04530 SAINT PAUL SUR UBAYE;[2.3522,48.8566]
005640602;;93.19Z;;ESF DU SAUZE, 04400 ENCHASTRAYES;[2.3522,48.8566]
005640669;;00.97;;, 04200 SISTERON;[2.3522,48.8566]
005640685;;62.11;;FONT ROBERT, 04160 CHATEAU-ARNOUX-SAINT-AUBAN;[2.3522,48.8566]
005640768;;86.06;;, 04160 CHATEAU-ARNOUX-SAINT-AUBAN;[2.3522,48.8566]
005640776;;64.11;;ALL L MASSE, 04700 ORAISON;[2.3522,48.8566]
005640784;;00.97;;RUE GRANDE, 04210 VALENSOLE;[2.3522,48.8566]
005640800;;52.1B;;, 04340 LE LAUZET-UBAYE;[2.3522,48.8566]
005640883;;52.4E;;3 GRANDE RUE, 04140 SEYNE;[2.3522,48.8566]
005640891;;52.1B;;RUE PRINCIPALE, 04850 JAUSIERS;[2.3522,48.8566]
005640974;;52.4E;;, 04340 UBAYE-SERRE-PONCON;[2.3522,48.8566]
005640990;;70.2C;;RTE NATIONALE, 04800 GREOUX-LES-BAINS;[2.3522,48.8566]
005640990;;70.2C;;46 AVENUE DES ALPES, 04800 GREOUX-LES-BAINS;[2.3522,48.8566]
005641055;;00.97;;, 04120 CASTELLANE;[2.3522,48.8566]
005641063;;00.97;;2 PLACE MARCEL-SAUVAIRE, 04120 CASTELLANE;[2.3522,48.8566]
005641097;;15.01;;, 04190 LES MEES;[2.3522,48.8566]
005641139;;64.11;;13 RUE EMILE DONNADIEU, 04400 BARCELONNETTE;[2.3522,48.8566]
005641154;;68.31Z;;LA CROISETTE, 04400 BARCELONNETTE;[2.3522,48.8566]
005641188;;62.11;;, 04510 MALLEMOISSON;[2.3522,48.8566]
005641212;;68.20B;;41 BOULEVARD GASSENDI, 04000 DIGNE-LES-BAINS;[2.3522,48.8566]
005641220;;00.98;;BOULEVARD GASSENDI, 04000 DIGNE-LES-BAINS;[2.3522,48.8566]
005641337;;64.44;;RUE DROITE, 04200 SISTERON;[2.3522,48.8566]
005641428;;52.4R;;RUE GRANDE, 04800 GREOUX-LES-BAINS;[2.3522,48.8566]
005641618;;67.01;;, 04700 PUIMICHEL;[2.3522,48.8566]
005641634;;69.23;;, 04320 ENTREVAUX;[2.3522,48.8566]
005641717;;50.1Z;;23 AVENUE DU MARECHAL JUIN, 04000 DIGNE-LES-BAINS;[2.3522,48.8566]
005641725;;68.20B;;23 AVENUE DU MARECHAL JUIN, 04000 DIGNE-LES-BAINS;[2.3522,48.8566]
005641741;;00.97;;PLACE DU DOCTEUR ITARD, 04700 ORAISON;[2.3522,48.8566]
005641758;[ND];70.10Z;;[ND] [ND] [ND], [ND] MALIJAI;[2.3522,48.8566]
005641758;[ND];70.10Z;;[ND] [ND] [ND], [ND] MALIJAI;[2.3522,48.8566]
005641766;;67.08;;, 04530 LA CONDAMINE-CHATELARD;[2.3522,48.8566]
005641808;;70.2C;;LD BONS ENFANTS, 04200 PEIPIN;[2.3522,48.8566]
005641816;;55.4B;;, 04340 MEOLANS-REVEL;[2.3522,48.8566]
005641824;;52.1B;;, 04500 QUINSON;[2.3522,48.8566]
005641873;;81.21;;BOULEVARD DE LA REPUBLIQUE, 04190 LES MEES;[2.3522,48.8566]
005650031;SARL RIGAULT ET CIE;10.13A;11;QUA QUARTIER DE LA BEITE, 04240 ANNOT;[2.3522,48.8566]
005650031;SARL RIGAULT ET CIE;10.13A;11;493 AV DE LA GARE, 04240 ANNOT;[2.3522,48.8566]
005650056;SA MEUBLES BOUISSON;47.59A;;QUARTIER CHAMPARLAU, 04200 PEIPIN;[2.3522,48.8566]
005650056;SA MEUBLES BOUISSON;47.59A;;QUAI CHAMPARLAU, 04200 PEIPIN;[2.3522,48.8566]
005650064;S E M E G;00.97;;RTE DE GAP, 04200 SISTERON;[2.3522,48.8566]
005650072;L BANON ET FILS;57.11;;PL GENERAL DE GAULLE, 04000 DIGNE-LES-BAINS;[2.3522,48.8566]
005650098;ENTREPRISE JEAN SPITALIER;45.2B;;ZI SAINT-PONS, 04400 BARCELONNETTE;[2.3522,48.8566]
005650106;G BOSTANJOGLOU ET CIE;00.97;;RUE STE CLAIRE DEVILLE, 04160 CHATEAU-ARNOUX-SAINT-AUBAN;[2.3522,48.8566]
005650122;SA POUR L AMENAGEMENT DE LA FOUX D ALLOS;86.11;;LD FOUX, 04260 ALLOS;[2.3522,48.8566]
005650130;SERVICE TRANSPORTS;00.97;;LES ARCADES, 04200 SISTERON;[2.3522,48.8566]
005650148;SCIC VALDURANCE HABITAT;68.20A;;13 BOULEVARD VICTOR HUGO, 04000 DIGNE-LES-BAINS;[2.3522,48.8566]
005650148;SCIC VALDURANCE HABITAT;68.20A;;2 RUE DU JEU DE PAUME, 04000 DIGNE-LES-BAINS;[2.3522,48.8566]
005650148;SCIC VALDURANCE HABITAT;68.20A;;2 RUE DOCTEUR SIMON PIETRI, 04000 DIGNE-LES-BAINS;[2.3522,48.8566]
005650148;SCIC VALDURANCE HABITAT;68.20A;;6 RUE LAFAYETTE, 57000 METZ;[2.3522,48.8566]
005650148;SCIC VALDURANCE HABITAT;68.20A;;1 RUE MAURICE HOLLANDE, 51100 REIMS;[2.3522,48.8566]
005650189;DUFOUR SISTERON;10.11Z;;1 ALL DES CHENES, 04200 SISTERON;[2.3522,48.8566]
005650189;DUFOUR SISTERON;10.11Z;;5 ALL DES GENETS, 04200 SISTERON;[2.3522,48.8566]
005650189;DUFOUR SISTERON;10.11Z;;RTE DE BARCELONNETTE, 05000 GAP;[2.3522,48.8566]
005650189;DUFOUR SISTERON;10.11Z;;3 ALL DES CHENES, 04200 SISTERON;[2.3522,48.8566]
005650189;DUFOUR SISTERON;10.11Z;;11 ALL DES ROMARINS, 04200 SISTERON;[2.3522,48.8566]
005670062;;68.20B;;31 AVENUE DU GENERAL DE GAULLE, 44380 PORNICHET;[2.3522,48.8566]
005670104;;67.04;;PL DE LA MAIRIE, 44290 GUEMENE-PENFAO;[2.3522,48.8566]
005670112;;62.43;;89 RUE DE CERTE, 44570 TRIGNAC;[2.3522,48.8566]
005670120;;64.49;;PL DU MARECHAL LECLERC, 44380 PORNICHET;[2.3522,48.8566]
005670161;;62.43;;62 RUE JEAN JAURES, 44600 SAINT-NAZAIRE;[2.3522,48.8566]
005670252;;62.43;;AVENUE RENE COTY, 44600 SAINT-NAZAIRE;[2.3522,48.8566]
005670278;STE EXPLOIT ETABL ESCOULAN;55.73;;RUE DE LA PAIX ET DES ARTS, 44600 SAINT-NAZAIRE;[2.3522,48.8566]
005670310;;87.03;;57 CHEMIN DE BERT, 44600 SAINT-NAZAIRE;[2.3522,48.8566]
005670468;;81.21;;46 AVENUE ALBERT DE MUN, 44600 SAINT-NAZAIRE;[2.3522,48.8566]
005670542;;55.4B;;16 RUE DU DOLMEN, 44780 MISSILLAC;[2.3522,48.8566]
005670617;;81.21;;RUE BAPTISTE MARCET, 44570 TRIGNAC;[2.3522,48.8566]
005670773;;67.08;;6 QUAI SURCOUF, 44130 BLAIN;[2.3522,48.8566]
005670872;;62.43;;RUE DE L'ILE DU LIN, 44600 SAINT-NAZAIRE;[2.3522,48.8566]
005670898;;81.21;;15 RUE HENRI BRISSON, 44600 SAINT-NAZAIRE;[2.3522,48.8566]
005670922;;55.40;;BOURG, 44360 VIGNEUX-DE-BRETAGNE;[2.3522,48.8566]
005670948;;67.01;;RUE FERDINAND BUISSON, 44600 SAINT-NAZAIRE;[2.3522,48.8566]
005671037;;64.45;;23 AVENUE VICE AMIRAL HALGAN, 44480 DONGES;[2.3522,48.8566]
005671052;;81.21;;203 AVENUE DU MARECHAL DE LATTRE DE TASSIGNY, 44500 LA BAULE-ESCOUBLAC;[2.3522,48.8566]
005671102;;65.06;;43 RUE DE PENLYS, 44410 LA CHAPELLE-DES-MARAIS;[2.3522,48.8566]
005671136;;55.40;;27 RUE DE SAINT-ETIENNE-DE-MONTLUC, 44260 SAVENAY;[2.3522,48.8566]
005671284;;62.11;;RUE ARISTIDE BRIAND, 44600 SAINT-NAZAIRE;[2.3522,48.8566]
005671292;;64.12;;RUE SAINT-MICHEL, 44350 GUERANDE;[2.3522,48.8566]
005671334;;87.06;;28 RUE DE LA PAIX, 44360 SAINT-ETIENNE-DE-MONTLUC;[2.3522,48.8566]
005671375;;68.20B;;89 AVENUE FRANCOIS MITTERRAND, 44600 SAINT-NAZAIRE;[2.3522,48.8566]
005671375;;68.20B;;CITE D HERBINS, 44600 SAINT-NAZAIRE;[2.3522,48.8566]
005671375;;68.20B;;37 AVENUE VILLES CHEVISSENS, 44380 PORNICHET;[2.3522,48.8566]
005671383;;70.2C;;89 AVENUE FRANCOIS MITTERRAND, 44600 SAINT-NAZAIRE;[2.3522,48.8566]
005671383;;70.2C;;CITE D HERBINS, 44600 SAINT-NAZAIRE;[2.3522,48.8566]
005671383;;70.2C;;2 RUE RENE CASSIN, 44600 SAINT-NAZAIRE;[2.3522,48.8566]
005671425;;66.01;;2 RUE AUGUSTE PICCARD, 44600 SAINT-NAZAIRE;[2.3522,48.8566]
005671466;;52.4F;;56 AVENUE DE LA REPUBLIQUE, 44600 SAINT-NAZAIRE;[2.3522,48.8566]
005671516;;87.06;;PL DE LA MAIRIE, 44290 GUEMENE-PENFAO;[2.3522,48.8566]
005671532;;64.45;;148 AVENUE DE MAZY, 44380 PORNICHET;[2.3522,48.8566]
005671565;;52.2C;;1 PLACE DE L'EGLISE, 44290 GUEMENE-PENFAO;[2.3522,48.8566]
005671581;;64.11;;RUE ALBERT THOMAS, 44600 SAINT-NAZAIRE;[2.3522,48.8566]
005671722;;65.06;;ROUTE DE SAINT-NAZAIRE, 44160 BESNE;[2.3522,48.8566]
005671763;;01.80;;LD LA JAUNAIS, 44170 MARSAC-SUR-DON;[2.3522,48.8566]
005671839;;52.4N;;40 BOULEVARD WINSTON CHURCHILL, 44100 NANTES;[2.3522,48.8566]
005671847;;81.21;;RUE JEAN MACE, 44600 SAINT-NAZAIRE;[2.3522,48.8566]
005671870;;55.10Z;;17 FAUBOURG SAINT-MICHEL, 44350 GUERANDE;[2.3522,48.8566]
005671904;;55.73;;ROUTE DE MISSILLAC, 44530 SAINT-GILDAS-DES-BOIS;[2.3522,48.8566]
005671953;;55.40;;LD N D DE GRACE, 44530 GUENROUET;[2.3522,48.8566]
005672068;;52.1J;;2 RUE JULES VERNE, 44600 SAINT-NAZAIRE;[2.3522,48.8566]
005672175;;52.1B;;2 RUE SAINT-CYR, 44410 HERBIGNAC;[2.3522,48.8566]
005672324;;67.04;;36 AVENUE DE LA PAIX, 44480 DONGES;[2.3522,48.8566]
005672340;;38.40;;LD LE DRESNY, 44630 PLESSE;[2.3522,48.8566]
005672472;;81.21;;RUE JEAN JAURES, 44550 MONTOIR-DE-BRETAGNE;[2.3522,48.8566]
005672605;;38.40;;RUE RENE LAENNEC, 44480 DONGES;[2.3522,48.8566]
005672613;;55.71;;LD LE BOURG, 44290 PIERRIC;[2.3522,48.8566]
005672621;;57.02;;CHAMP CROULARD, 44360 SAINT-ETIENNE-DE-MONTLUC;[2.3522,48.8566]
005672696;;62.43;;BOURG, 44360 CORDEMAIS;[2.3522,48.8566]
005672779;;55.10;;PL DE L EGLISE, 44130 FAY-DE-BRETAGNE;[2.3522,48.8566]
005672886;;64.11;;18 AVENUE DE LA REPUBLIQUE, 44600 SAINT-NAZAIRE;[2.3522,48.8566]
005672910;;64.11;;AVENUE DE LA REPUBLIQUE, 44600 SAINT-NAZAIRE;[2.3522,48.8566]
005673033;;52.6D;;104 CHEMIN DE PORCE, 44600 SAINT-NAZAIRE;[2.3522,48.8566]
005673157;;81.21;;Q SAINT PIERRE, 44420 LA TURBALLE;[2.3522,48.8566]
005673165;;70.2C;;QUAI SAINT-PIERRE, 44420 LA TURBALLE;[2.3522,48.8566]
005673173;;68.20B;;44 RUE JEAN JAURES, 44600 SAINT-NAZAIRE;[2.3522,48.8566]
005673207;;01.43Z;;LD LE GRAND MOMESSON, 44130 BOUVRON;[2.3522,48.8566]
005673231;;81.21;;Q SAINT PIERRE, 44420 LA TURBALLE;[2.3522,48.8566]
005673280;;38.40;;5 RUE DE NANTES, 44360 LE TEMPLE-DE-BRETAGNE;[2.3522,48.8566]
005673314;;81.21;;RUE DU MAINE, 44600 SAINT-NAZAIRE;[2.3522,48.8566]
005673322;;81.21;;Q SAINT PIERRE, 44420 LA TURBALLE;[2.3522,48.8566]
005673348;;68.20B;;66 AVENUE DU GENERAL DE GAULLE, 44500 LA BAULE-ESCOUBLAC;[2.3522,48.8566]
005673405;;47.04;;PLACE DE L'EGLISE, 44630 PLESSE;[2.3522,48.8566]
005673439;;67.04;;BOULEVARD VICTOR HUGO, 44600 SAINT-NAZAIRE;[2.3522,48.8566]
005673611;;84.13;;1 RUE DU REQUIERT, 44490 LE CROISIC;[2.3522,48.8566]
005673678;;67.07;;, 44460 SAINT-NICOLAS-DE-REDON;[2.3522,48.8566]
005673710;;64.11;;230 AVENUE DU MARECHAL DE LATTRE DE TASSIGNY, 44500 LA BAULE-ESCOUBLAC;[2.3522,48.8566]
005673751;;58.09;;PLACE DES QUATRE Z'HORLOGES, 44600 SAINT-NAZAIRE;[2.3522,48.8566]
005673801;;64.41;;RUE DE PORNICHET, 44600 SAINT-NAZAIRE;[2.3522,48.8566]
005673884;;62.11;;AVENUE HENRI BERTHO, 44500 LA BAULE-ESCOUBLAC;[2.3522,48.8566]
005673892;;67.04;;19 PLACE DINAN, 44490 LE CROISIC;[2.3522,48.8566]
005673926;;70.2C;;29 AVENUE DE LA REPUBLIQUE, 44600 SAINT-NAZAIRE;[2.3522,48.8566]
005673983;;74.8B;;7 RUE GENERAL LECLERC, 44510 LE POULIGUEN;[2.3522,48.8566]
005673991;;67.01;;RUE DE LA PAIX ET DES ARTS, 44600 SAINT-NAZAIRE;[2.3522,48.8566]
005674031;;70.2C;;LD KERCABELLEC, 44420 MESQUER;[2.3522,48.8566]
005674064;;70.2C;;41 LD LA TOUCHE BASSE, 44260 LA CHAPELLE-LAUNAY;[2.3522,48.8566]
005674080;;64.22;;RUE DE TRIGNAC, 44600 SAINT-NAZAIRE;[2.3522,48.8566]
005674130;;62.11;;LD LE DRESNY, 44630 PLESSE;[2.3522,48.8566]
005674163;;70.2C;;LD LE DRESNY, 44630 PLESSE;[2.3522,48.8566]
005674254;;62.11;;RUE DE LA GARE, 44530 SAINT-GILDAS-DES-BOIS;[2.3522,48.8566]
005674270;;67.2Z;;7 RUE DE BORDEAUX, 44130 BOUVRON;[2.3522,48.8566]
005674320;;81.21;;BOULEVARD EMILE ZOLA, 44600 SAINT-NAZAIRE;[2.3522,48.8566]
005674338;;68.20B;;54 RUE JEAN MACE, 44600 SAINT-NAZAIRE;[2.3522,48.8566]
005674346;;62.11;;LD SAINT ARMEL, 44460 FEGREAC;[2.3522,48.8566]
005674411;;64.23;;57 BOULEVARD VICTOR HUGO, 44600 SAINT-NAZAIRE;[2.3522,48.8566]
005674478;;64.46;;6 RUE DU BOIS, 44510 LE POULIGUEN;[2.3522,48.8566]
005674502;;62.11;;35 RUE JEAN 23, 44740 BATZ-SUR-MER;[2.3522,48.8566]
005674569;;70.2C;;RUE DU GOLF, 44740 BATZ-SUR-MER;[2.3522,48.8566]
005674593;;62.43;;16 GRANDE RUE, 44740 BATZ-SUR-MER;[2.3522,48.8566]
005674726;;64.11;;53 AVENUE DE LA REPUBLIQUE, 44600 SAINT-NAZAIRE;[2.3522,48.8566]
005674817;;64.12;;AVENUE MONCHICOURT, 44500 LA BAULE-ESCOUBLAC;[2.3522,48.8566]
005674825;;64.11;;65 AVENUE DE LA REPUBLIQUE, 44600 SAINT-NAZAIRE;[2.3522,48.8566]
005674841;;87.03;;16 RUE DES CHANTIERS, 44600 SAINT-NAZAIRE;[2.3522,48.8566]
005674924;;64.11;;9 RUE DE L'ISAU, 44600 SAINT-NAZAIRE;[2.3522,48.8566]
005674965;;64.24;;LD SACRE COEUR, 44410 LA CHAPELLE-DES-MARAIS;[2.3522,48.8566]
005675053;;64.49;;RUE DE CARDURAND, 44600 SAINT-NAZAIRE;[2.3522,48.8566]
005675095;INDIVISION REBIERE MARIE-GABRIELLE;67.04;;117 AVENUE DE LA REPUBLIQUE, 44600 SAINT-NAZAIRE;[2.3522,48.8566]
005675111;;70.2C;;43 AVENUE DU MARECHAL FRANCHET D'ESPEREY, 44500 LA BAULE-ESCOUBLAC;[2.3522,48.8566]
005675210;;62.43;;PLACE DE L'EGLISE, 44750 CAMPBON;[2.3522,48.8566]
005675228;;62.43;;PLACE DE L'EGLISE, 44750 CAMPBON;[2.3522,48.8566]
005675343;;64.22;;, 44410 SAINT-LYPHARD;[2.3522,48.8566]
005675350;;67.04;;LD LE RODOIR ARGENTAN, 44410 HERBIGNAC;[2.3522,48.8566]
005675384;;64.12;;AVENUE DU GENERAL DE GAULLE, 44500 LA BAULE-ESCOUBLAC;[2.3522,48.8566]
005675400;;52.4C;;25 AVENUE DE LA REPUBLIQUE, 44600 SAINT-NAZAIRE;[2.3522,48.8566]
005675459;;68.20B;;7 RUE NANTAISE, 44160 PONTCHATEAU;[2.3522,48.8566]
005675483;;77.01;;AVENUE PIERRE LOTI, 44500 LA BAULE-ESCOUBLAC;[2.3522,48.8566]
005675624;;81.21;;RUE JEAN JAURES, 44600 SAINT-NAZAIRE;[2.3522,48.8566]
005675715;;62.11;;RTE DE PLESSE, 44460 AVESSAC;[2.3522,48.8566]
005675822;;67.08;;PLACE DE LA GARE, 44480 DONGES;[2.3522,48.8566]
005675855;;81.21;;5 RUE SAINTE-CATHERINE, 44160 PONTCHATEAU;[2.3522,48.8566]
005675863;;81.21;;5 RUE SAINTE-CATHERINE, 44160 PONTCHATEAU;[2.3522,48.8566]
005675871;;81.21;;5 RUE SAINTE-CATHERINE, 44160 PONTCHATEAU;[2.3522,48.8566]
005675897;;67.04;;5 RUE SAINTE-CATHERINE, 44160 PONTCHATEAU;[2.3522,48.8566]
005675921;;96.02A;;6 RUE FRANCOIS DORVAULT, 44360 SAINT-ETIENNE-DE-MONTLUC;[2.3522,48.8566]
005675947;;67.03;;RUE DE TRIGNAC, 44600 SAINT-NAZAIRE;[2.3522,48.8566]
005675996;;52.4V;;94 AVENUE DU GENERAL DE GAULLE, 44600 SAINT-NAZAIRE;[2.3522,48.8566]
005676002;;55.71;;LD TABAGO, 44460 SAINT-NICOLAS-DE-REDON;[2.3522,48.8566]
005676010;;64.22;;AVENUE DE L'HALLALI, 44500 LA BAULE-ESCOUBLAC;[2.3522,48.8566]
005676093;;62.41;;89 RUE JEAN JAURES, 44600 SAINT-NAZAIRE;[2.3522,48.8566]
005676101;;64.11;;BOULEVARD DE VILLENEUVE, 44160 PONTCHATEAU;[2.3522,48.8566]
005676119;;62.43;;AVENUE DES IBIS, 44500 LA BAULE-ESCOUBLAC;[2.3522,48.8566]
005676168;;67.04;;59 RUE DE FEDRUN, 44720 SAINT-JOACHIM;[2.3522,48.8566]
005676234;;67.04;;AVENUE HENRI BERTHO, 44500 LA BAULE-ESCOUBLAC;[2.3522,48.8566]
005676259;;67.04;;LE GRAVIER, 44130 BLAIN;[2.3522,48.8566]
005676333;;52.4V;;BERRIEN, 44600 SAINT-NAZAIRE;[2.3522,48.8566]
005676358;;64.11;;BOURG, 44460 AVESSAC;[2.3522,48.8566]
005676432;;55.73;;31 PONT BRIEN, 44600 SAINT-NAZAIRE;[2.3522,48.8566]
005676473;;70.2C;;47 AVENUE DU GENERAL DE GAULLE, 44380 PORNICHET;[2.3522,48.8566]
005680061;SICOMA;00.97;;RUE HENRI GAUTIER, 44600 SAINT-NAZAIRE;[2.3522,48.8566]
005680087;LABIERE ET CIE PHOTOGRAPHIE;87.06;;AV DU GENERAL DE GAULLE, 44500 LA BAULE-ESCOUBLAC;[2.3522,48.8566]
005680111;SILVOTTI ET PONTHIEU STE;55.60;;AV DES ORMES, 44500 LA BAULE-ESCOUBLAC;[2.3522,48.8566]
005680145;ROTOVIA MONTOIR DE BRETAGNE SAS;22.22Z;21;73 RUE HENRI GAUTIER, 44550 MONTOIR-DE-BRETAGNE;[2.3522,48.8566]
005680152;STE COOP DU PERSONNEL DE LA SS;00.97;;RUE DU CDT GUSTAVE GATE, 44600 SAINT-NAZAIRE;[2.3522,48.8566]
005680236;SA VETEMENTS GENIN;47.71Z;;10 AV DE LA REPUBLIQUE, 44600 SAINT-NAZAIRE;[2.3522,48.8566]
005680244;HOTEL ROYAL STE;67.08;;2 AVENUE PIERRE LOTI, 44500 LA BAULE-ESCOUBLAC;[2.3522,48.8566]
005680335;MERCIER JOSEPH FILS ET MAURICE;70.2C;;33 RUE JEAN JAURES, 44550 MONTOIR-DE-BRETAGNE;[2.3522,48.8566]
005680376;ETUDES CONSTRUCTIONS MECANIQUES GUERANDE;28.5D;;RUE DE LA LANDE, 44350 GUERANDE;[2.3522,48.8566]
005680376;ETUDES CONSTRUCTIONS MECANIQUES GUERANDE;28.5D;;AVENUE DU LION, 83210 SOLLIES-PONT;[2.3522,48.8566]
005680384;PHARMACIE THIEBAUT-DUSSEUX;47.73Z;;9 PL D AIGUILLON, 44490 LE CROISIC;[2.3522,48.8566]
005680392;ETS GEFFRAY AMENA NAVAL NAZAI;32.04;;RUE DE TRIGNAC, 44600 SAINT-NAZAIRE;[2.3522,48.8566]
005680400;SNC GOUTERON BRACKMAN ET COMPAGNIE;70.1C;;7 AV VILLES BABIN, 44380 PORNICHET;[2.3522,48.8566]
005680467;SOCIETE HOTEL DES PLEIADES;67.08;;32 RUE FABERT, 75007 PARIS 7;[2.3522,48.8566]
005680491;LE MARIGOT BAY;55.3A;;10 AV DE PAVIE, 44500 LA BAULE-ESCOUBLAC;[2.3522,48.8566]
005680509;DAVID FRERES;55.60;;RUE ALEXANDRE OLIVIER, 44220 COUERON;[2.3522,48.8566]
005680541;IMMOBILIERE ATELIERS DAVID;68.20B;;LA LANDE, 44350 GUERANDE;[2.3522,48.8566]
005680541;IMMOBILIERE ATELIERS DAVID;68.20B;;9 RUE DU CHENE LASSE, 44800 SAINT-HERBLAIN;[2.3522,48.8566]
005680566;ETABLISSEMENTS JULES CAHOUR;59.07;;LD LA DIGUE, 44460 SAINT-NICOLAS-DE-REDON;[2.3522,48.8566]
005680582;ETABLISSEMENTS HAUGOMAT ET TARDIF;59.09;;14 RUE DES PORTEAUX, 44290 GUEMENE-PENFAO;[2.3522,48.8566]
005680624;CECIL HOTEL;67.08;;49 BOULEVARD DE LA LIBERATION, 44600 SAINT-NAZAIRE;[2.3522,48.8566]
005680632;ALLAIS BONNET STE;55.73;;AV EMILE OUTTIER, 44380 PORNICHET;[2.3522,48.8566]
005710058;;67.07;;162 CHAUSSEE MARCADE, 80100 ABBEVILLE;[2.3522,48.8566]
005710066;;62.11;;56 RUE JEAN JAURES, 80580 PONT-REMY;[2.3522,48.8566]
005710082;;57.07;;20 RUE PASTEUR, 80550 LE CROTOY;[2.3522,48.8566]
005710256;;67.07;;154 ROUTE DE PARIS, 80100 ABBEVILLE;[2.3522,48.8566]
005710264;;67.08;;RUE VICTOR HUGO, 80210 FEUQUIERES-EN-VIMEU;[2.3522,48.8566]
005710306;;70.2C;;, 80220 BUIGNY-LES-GAMACHES;[2.3522,48.8566]
005710314;;70.2C;;RUE D'HOCQUELUS, 80210 AIGNEVILLE;[2.3522,48.8566]
005710348;;64.49;;, 80510 LONGPRE-LES-CORPS-SAINTS;[2.3522,48.8566]
005710371;;57.01;;23 RUE DU PONT DE LA VILLE, 80132 CAOURS;[2.3522,48.8566]
005710405;;70.2C;;RUE DE GOVES, 80150 GUESCHART;[2.3522,48.8566]
005710439;;66.04;;RUE DU BORDELET, 80150 CRECY-EN-PONTHIEU;[2.3522,48.8566]
005710520;;86.06;;CITE LECLERC, 80510 LONGPRE-LES-CORPS-SAINTS;[2.3522,48.8566]
005710538;POIDEVIN RENEE ET ANNIE;52.4C;;24 RUE BOUCHER DE PERTHES, 80100 ABBEVILLE;[2.3522,48.8566]
005710595;;22.02;;RUE DE TOURS, 80210 CHEPY;[2.3522,48.8566]
005710660;;38.40;;RTE NATIONALE, 80220 BOUVAINCOURT-SUR-BRESLE;[2.3522,48.8566]
005710694;;00.10;;4 RUE PASTEUR, 80210 FEUQUIERES-EN-VIMEU;[2.3522,48.8566]
005710736;;64.41;;185 CHAUSSEE MARCADE, 80100 ABBEVILLE;[2.3522,48.8566]
005710744;;70.2C;;HAM MONCHAUX, 80120 QUEND;[2.3522,48.8566]
005710793;;22.02;;GRANDE RUE, 80140 RAMBURES;[2.3522,48.8566]
005710843;;81.21;;2 RUE JULES FERRY, 80570 DARGNIES;[2.3522,48.8566]
005710967;;45.23;;, 80690 GORENFLOS;[2.3522,48.8566]
005711106;;55.40;;, 80970 SAILLY-FLIBEAUCOURT;[2.3522,48.8566]
005711155;;69.11;;, 80770 BEAUCHAMPS;[2.3522,48.8566]
005711197;;67.04;;31 AVENUE ARISTIDE BRIAND, 80100 ABBEVILLE;[2.3522,48.8566]
005711221;;64.49;;4 RUE PORTE DU PONT, 80550 LE CROTOY;[2.3522,48.8566]
005711379;;52.6D;;11 RUE PAUL BOS, 80550 LE CROTOY;[2.3522,48.8566]
005711445;;64.49;;8 RUE DU MARECHAL FOCH, 80100 ABBEVILLE;[2.3522,48.8566]
005711551;;68.20B;;93 PLACE DE L'EGLISE, 80210 CHEPY;[2.3522,48.8566]
005711585;;64.11;;PLACE MAX LEJEUNE, 80100 ABBEVILLE;[2.3522,48.8566]
005711684;;;;RUE DE TILLOY, 80220 MAISNIERES;[2.3522,48.8566]
005711726;;67.05;;, 80132 CAHON;[2.3522,48.8566]
005711742;;87.01;;CHAUSSEE MARCADE, 80100 ABBEVILLE;[2.3522,48.8566]
005711759;;65.06;;134 RUE DE MENCHECOURT, 80100 ABBEVILLE;[2.3522,48.8566]
005711767;;64.49;;AVENUE DE LA PLAGE, 80120 FORT-MAHON-PLAGE;[2.3522,48.8566]
005711833;;22.02;;, 80270 WIRY-AU-MONT;[2.3522,48.8566]
005711874;;57.10;;54 RUE DE L'ISLE, 80100 ABBEVILLE;[2.3522,48.8566]
005711882;;62.43;;9 RUE BOUCHER DE PERTHES, 80100 ABBEVILLE;[2.3522,48.8566]
005712062;;55.72;;8 RUE DES FUSILLES, 80150 CRECY-EN-PONTHIEU;[2.3522,48.8566]
005712211;;64.42;;, 80120 FORT-MAHON-PLAGE;[2.3522,48.8566]
005712252;;67.05;;16 ROUTE NATIONALE, 80132 LE TITRE;[2.3522,48.8566]
005712260;;67.07;;29 RUE SAINT DENIS, 80490 HALLENCOURT;[2.3522,48.8566]
005712633;;55.4A;;, 80140 LE TRANSLAY;[2.3522,48.8566]
005712658;;87.03;;61 RUE DE LA REPUBLIQUE, 80490 HALLENCOURT;[2.3522,48.8566]
005712732;;64.24;;RUE GRANDE, 80220 GAMACHES;[2.3522,48.8566]
005712880;;01.4A;;HAM DE WADICOURT, 80150 DOMPIERRE-SUR-AUTHIE;[2.3522,48.8566]
005712898;;62.11;;RUE DU MARECHAL FOCH, 80860 NOYELLES-SUR-MER;[2.3522,48.8566]
005713052;;63.05;;RUE PAUL BIGNON, 76260 EU;[2.3522,48.8566]
005713060;;81.21;;, 80220 BUIGNY-LES-GAMACHES;[2.3522,48.8566]
005713078;;22.02;;, 80220 BUIGNY-LES-GAMACHES;[2.3522,48.8566]
005713128;;55.40;;61 RUE DE LA PORTE DU PONT, 80550 LE CROTOY;[2.3522,48.8566]
005713185;;67.04;;, 80120 QUEND;[2.3522,48.8566]
005713235;;64.46;;, 80120 VILLERS-SUR-AUTHIE;[2.3522,48.8566]
005713276;;01.80;;, 80150 DOMPIERRE-SUR-AUTHIE;[2.3522,48.8566]
005713466;;52.4R;;13 CHAUSSEE DU BOIS, 80100 ABBEVILLE;[2.3522,48.8566]
005713508;;52.4C;;PLACE MAX LEJEUNE, 80100 ABBEVILLE;[2.3522,48.8566]
005713532;;67.05;;RUE PRINCIPALE, 80150 LAMOTTE-BULEUX;[2.3522,48.8566]
005713557;;64.45;;30 RUE DU MARECHAL FOCH, 80100 ABBEVILLE;[2.3522,48.8566]
005713573;;62.11;;RUE DE LA GARE, 80270 ALLERY;[2.3522,48.8566]
005713722;;62.11;;PLACE MAX LEJEUNE, 80100 ABBEVILLE;[2.3522,48.8566]
005713797;;15.7A;;, 80132 CAOURS;[2.3522,48.8566]
005713854;;67.08;;RUE SAINTES MARIES, 80100 ABBEVILLE;[2.3522,48.8566]
005713904;;67.07;;RUE DE LA MALADRERIE, 80150 YVRENCH;[2.3522,48.8566]
005714050;;67.05;;, 80150 ESTREES-LES-CRECY;[2.3522,48.8566]
005714142;;62.44;;RUE D HULEUX, 80132 BUIGNY L'ABBE;[2.3522,48.8566]
005714167;;57.05;;, 80580 LIERCOURT;[2.3522,48.8566]
005714191;;63.05;;AVENUE DE LA PLAGE, 80120 FORT-MAHON-PLAGE;[2.3522,48.8566]
005714209;;55.60;;706 RUE DE QUEND, 80120 FORT-MAHON-PLAGE;[2.3522,48.8566]
005714217;;55.72;;HAM MONCHAUX, 80120 QUEND;[2.3522,48.8566]
005714233;;64.42;;PETIT CHEMIN, 80120 ARGOULES;[2.3522,48.8566]
005714241;;60.2E;;2 RESIDENCE DES ETANGS, 80132 MAREUIL-CAUBERT;[2.3522,48.8566]
005714290;;64.42;;RUE DE LA MAIRIE, 80120 FORT-MAHON-PLAGE;[2.3522,48.8566]
005714423;;62.11;;, 80150 GUESCHART;[2.3522,48.8566]
005720057;ETS R DUBRONNER;64.21;;BD DE LA REPUBLIQUE, 80100 ABBEVILLE;[2.3522,48.8566]
005720065;CHAUSSURES DUCHAUSSOY ET COMPAGNIE;64.12;;15 RUE SAINT VULFRAN, 80100 ABBEVILLE;[2.3522,48.8566]
005720073;ETABLISSEMENTS DOUILLET ET FILS;57.01;;, 80370 DOMLEGER-LONGVILLERS;[2.3522,48.8566]
005720099;DULERMEZ ET FILS;08.11Z;;3 AV DE LA CHAPELLE, 80100 ABBEVILLE;[2.3522,48.8566]
005720164;SA SAINTE-ISABELLE;86.10Z;22;236 ROUTE D'AMIENS, 80100 ABBEVILLE;[2.3522,48.8566]
005720180;BOURBON ET FILS;55.60;;54 RUE DE L'ISLE, 80100 ABBEVILLE;[2.3522,48.8566]
005720206;DEJARDIN ADOLPHE;20.5A;;340 CHS DES CHASSE MAREES, 80210 FEUQUIERES-EN-VIMEU;[2.3522,48.8566]
005720222;MENUISERIE DU PONTHIEU;16.23Z;;RTE DE DOULLENS, 80100 ABBEVILLE;[2.3522,48.8566]
005720222;MENUISERIE DU PONTHIEU;16.23Z;;13 BD DES PRES, 80100 ABBEVILLE;[2.3522,48.8566]
005720230;ETABLISSEMENTS BLONDIN;55.60;;, 80270 ALLERY;[2.3522,48.8566]
005720255;SARL CASINO  DU CROTOY;67.06;;RUE DE LA PLAGE, 80550 LE CROTOY;[2.3522,48.8566]
005720271;CAMPING DU BOSQUET FLEURI;67.12;;AV DE LA PLAGE, 80120 FORT-MAHON-PLAGE;[2.3522,48.8566]
005720313;SOCIETE ANONYME DES DUNES DE LA SOMME;02.10Z;01;, 80120 SAINT-QUENTIN-EN-TOURMONT;[2.3522,48.8566]
005720313;SOCIETE ANONYME DES DUNES DE LA SOMME;02.10Z;01;9 RUE DU BOUT D'AMONT, 80120 SAINT-QUENTIN-EN-TOURMONT;[2.3522,48.8566]
005720313;SOCIETE ANONYME DES DUNES DE LA SOMME;02.10Z;01;6 RUE DU BOUT D'AMONT, 80120 SAINT-QUENTIN-EN-TOURMONT;[2.3522,48.8566]
005720354;ETABLISSEMENTS LECAT-PORION;21.11;;RUE ARISTIDE BRIAND, 80210 FEUQUIERES-EN-VIMEU;[2.3522,48.8566]
005720362;TERNISIEN-DUCLERCQ;68.20B;;22 CHEMIN DE CRAVAILLEUX, 30126 TAVEL;[2.3522,48.8566]
005720362;TERNISIEN-DUCLERCQ;68.20B;;8 PL CLEMENCEAU, 80100 ABBEVILLE;[2.3522,48.8566]
005720362;TERNISIEN-DUCLERCQ;68.20B;;22 CHEMIN DE CRAVAILLEUX, 30126 TAVEL;[2.3522,48.8566]
005720388;GARAGE DE ROUVROY;65.03;;CHS DE ROUVROY, 80100 ABBEVILLE;[2.3522,48.8566]
005720412;ABBEVILLE-MOBILIERS;81.21;;84 RUE DU CAPITAINE GUY DATH, 80550 LE CROTOY;[2.3522,48.8566]
005720537;SOGEPROVE;25.99A;;56 BD DE LA PORTELETTE, 80100 ABBEVILLE;[2.3522,48.8566]
005720537;SOGEPROVE;25.99A;;RUE VENTOSE, 80100 ABBEVILLE;[2.3522,48.8566]
005720552;LALLOT PICARDIE;25.73A;12;CHE DE NESLETTE, 80220 BOUTTENCOURT;[2.3522,48.8566]
005720552;LALLOT PICARDIE;25.73A;12;, 76340 BLANGY-SUR-BRESLE;[2.3522,48.8566]
005720552;LALLOT PICARDIE;25.73A;12;VALLEE MAZIN, 80220 BOUTTENCOURT;[2.3522,48.8566]
005720586;ENTREPRISE DELCROIX;81.11;;10 AV VASSEUR, 80120 QUEND;[2.3522,48.8566]
005720594;LES TRANSPORTS COMMERCIAUX;49.41A;;78 BD VAUBAN, 80100 ABBEVILLE;[2.3522,48.8566]
005720594;LES TRANSPORTS COMMERCIAUX;49.41A;;92 BD VAUBAN, 80100 ABBEVILLE;[2.3522,48.8566]
005720602;SOC IMMOBILIERE MONOPRIX ABBEVILLE;68.20B;;44 ROUTE DE DRUCAT, 80100 ABBEVILLE;[2.3522,48.8566]
005720602;SOC IMMOBILIERE MONOPRIX ABBEVILLE;68.20B;;3 RUE PAUL CEZANNE, 75008 PARIS;[2.3522,48.8566]
005720602;SOC IMMOBILIERE MONOPRIX ABBEVILLE;68.20B;;204 ROND-POINT DU PONT DE SEVRES, 92100 BOULOGNE-BILLANCOURT;[2.3522,48.8566]
005720602;SOC IMMOBILIERE MONOPRIX ABBEVILLE;68.20B;;14 RUE MARC BLOCH, 92110 CLICHY;[2.3522,48.8566]
005720610;PICARDIE MARITIME HABITAT FONDATION PAUL DUCLERCQ;41.10A;01;44 PLACE DE LA LIBERATION, 80100 ABBEVILLE;[2.3522,48.8566]
005720636;ETABLISSEMENTS DURAND;52.4Y;;500 RUE DE PARIS, 80000 AMIENS;[2.3522,48.8566]
005720644;ETABLISSEMENTS DEMORTAIN;47.52A;01;4 PLACE DU GENERAL LECLERC, 80120 RUE;[2.3522,48.8566]
005720651;SA DES ETS RENE DUFOUR;68.20B;;RUE DU PDT ROBERT SCHUMAN, 80100 ABBEVILLE;[2.3522,48.8566]
005720651;SA DES ETS RENE DUFOUR;68.20B;;10 RUE GENERAL PLESSIER, 69002 LYON;[2.3522,48.8566]
005720685;FORGEZ PERE ET FILS;10.91Z;;26 RUE DES PRES, 80132 CAOURS;[2.3522,48.8566]
005720701;TENAILLON JEAN;81.21;;294 ROUTE DE ROUEN, 80100 ABBEVILLE;[2.3522,48.8566]
005720727;L. POLLET ET FILS;48.01;;, 80220 GAMACHES;[2.3522,48.8566]
005720750;IMPRIMERIE F. PAILLART;68.20A;;84 CHAUSSEE MARCADE, 80100 ABBEVILLE;[2.3522,48.8566]
005720784;ETABLISSEMENTS DECAYEUX;25.99A;31;24 RUE JULES GUESDE, 80210 FEUQUIERES-EN-VIMEU;[2.3522,48.8566]
005720784;ETABLISSEMENTS DECAYEUX;25.99A;31;ZONE INDUSTRIELLE, 80210 FEUQUIERES-EN-VIMEU;[2.3522,48.8566]
005720784;ETABLISSEMENTS DECAYEUX;25.99A;31;RUE DU CHEVALIER DE LA BARRE, 80210 FEUQUIERES-EN-VIMEU;[2.3522,48.8566]
005720784;ETABLISSEMENTS DECAYEUX;25.99A;31;79 AVENUE DU GENERAL LECLERC, 93500 PANTIN;[2.3522,48.8566]
005720784;ETABLISSEMENTS DECAYEUX;25.99A;31;97 RUE DU CHATEAU D'EAU, 80100 ABBEVILLE;[2.3522,48.8566]
005720784;ETABLISSEMENTS DECAYEUX;25.99A;31;15 AVENUE DE LONDRES, 13127 VITROLLES;[2.3522,48.8566]
005720784;ETABLISSEMENTS DECAYEUX;25.99A;31;2 RUE DE LA CAVEE DE VAUCHELLES, 80100 ABBEVILLE;[2.3522,48.8566]
005720784;ETABLISSEMENTS DECAYEUX;25.99A;31;7 RUE DES SARCELLES, 80100 ABBEVILLE;[2.3522,48.8566]
005720784;ETABLISSEMENTS DECAYEUX;25.99A;31;52 RUE HENRI BARBUSSE, 80210 FEUQUIERES-EN-VIMEU;[2.3522,48.8566]
005720784;ETABLISSEMENTS DECAYEUX;25.99A;31;15 RUE SIBUET, 75012 PARIS;[2.3522,48.8566]
005720784;ETABLISSEMENTS DECAYEUX;25.99A;31;25 GRANDE RUE, 80130 BETHENCOURT-SUR-MER;[2.3522,48.8566]
005720784;ETABLISSEMENTS DECAYEUX;25.99A;31;73 RUE HENRI FARMAN, 93290 TREMBLAY-EN-FRANCE;[2.3522,48.8566]
005720784;ETABLISSEMENTS DECAYEUX;25.99A;31;1 IMPASSE NICEPHORE NIEPCE, 93290 TREMBLAY-EN-FRANCE;[2.3522,48.8566]
005720784;ETABLISSEMENTS DECAYEUX;25.99A;31;7 RUE DES SARCELLES, 80100 ABBEVILLE;[2.3522,48.8566]
005720784;ETABLISSEMENTS DECAYEUX;25.99A;31;13 RUE DES INDUSTRIES, 77460 SOUPPES-SUR-LOING;[2.3522,48.8566]
005720826;LE SOLEIL;88.02;;RUE SAINT GILLES, 80100 ABBEVILLE;[2.3522,48.8566]
005720834;LE SOLEIL;88.02;;RUE DE LA TANNERIE, 80100 ABBEVILLE;[2.3522,48.8566]
005740022;;84.03;;2 RUE DU JEU DE PAUME, 04000 DIGNE-LES-BAINS;[2.3522,48.8566]
005740063;;55.4B;;246 AVENUE PAUL ARENE, 04200 SISTERON;[2.3522,48.8566]
005740071;;70.2C;;QUAI DU PLAN, 04320 ENTREVAUX;[2.3522,48.8566]
005740253;;00.97;;, 04400 UVERNET-FOURS;[2.3522,48.8566]
005740311;;55.70;;19 BOULEVARD DES TILLEULS, 04190 LES MEES;[2.3522,48.8566]
005740345;;67.01;;, 04240 BRAUX;[2.3522,48.8566]
005740444;;67.08;;12 RUE GRENETTE, 04400 BARCELONNETTE;[2.3522,48.8566]
005740451;;00.97;;RUE DE L'HUBAC, 04000 DIGNE-LES-BAINS;[2.3522,48.8566]
005740477;;38.40;;, 04200 NOYERS-SUR-JABRON;[2.3522,48.8566]
005740501;;68.20B;;LA VILLE, 04260 ALLOS;[2.3522,48.8566]
005740501;;68.20B;;CHATEAU GARNIER, 04170 THORAME-BASSE;[2.3522,48.8566]
005740543;;67.08;;, 04330 BARREME;[2.3522,48.8566]
005740568;;24.5C;;79 BOULEVARD GASSENDI, 04000 DIGNE-LES-BAINS;[2.3522,48.8566]
005740576;;15.8P;;41 RUE DE L'HUBAC, 04000 DIGNE-LES-BAINS;[2.3522,48.8566]
005740584;;67.08;;, 04530 LARCHE;[2.3522,48.8566]
005740626;;67.01;;, 04330 CHAUDON-NORANTE;[2.3522,48.8566]
005740659;;67.01;;, 04530 LA CONDAMINE-CHATELARD;[2.3522,48.8566]
005740857;;55.40;;LOT LE THOR, 04700 LA BRILLANNE;[2.3522,48.8566]
005740865;;00.97;;, 04380 THOARD;[2.3522,48.8566]
005740956;;81.21;;, 04240 ANNOT;[2.3522,48.8566]
005740972;;14.1A;;25 BOULEVARD VICTOR HUGO, 04000 DIGNE-LES-BAINS;[2.3522,48.8566]
005740972;;14.1A;;SAINT CHRISTOPHE, 04000 DIGNE-LES-BAINS;[2.3522,48.8566]
005740980;;55.60;;LES ARCHES, 04000 DIGNE-LES-BAINS;[2.3522,48.8566]
005741012;;52.4C;;, 04160 L'ESCALE;[2.3522,48.8566]
005741103;;00.97;;LE THEY, 04000 DIGNE-LES-BAINS;[2.3522,48.8566]
005741137;;65.06;;, 04500 RIEZ;[2.3522,48.8566]
005741343;;67.01;;LD LES CHENES, 04200 SISTERON;[2.3522,48.8566]
005741400;;00.97;;14 RUE PIED DE VILLE, 04000 DIGNE-LES-BAINS;[2.3522,48.8566]
005741509;;00.97;;LA BEGUDE, 04270 BRAS-D ASSE;[2.3522,48.8566]
005741517;;67.05;;, 04210 BRUNET;[2.3522,48.8566]
005741525;;62.44;;RUE ELIE JULIEN, 04700 ORAISON;[2.3522,48.8566]
005741533;;00.97;;ALLEE ARTHUR GOUIN, 04700 ORAISON;[2.3522,48.8566]
005741541;;68.20A;;, 04530 SAINT-PAUL-SUR-UBAYE;[2.3522,48.8566]
005741541;;68.20A;;BRIANCON, 04850 JAUSIERS;[2.3522,48.8566]
005741566;;00.97;;QUAI POMPIERY, 04140 SEYNE;[2.3522,48.8566]
005741749;;64.22;;PLACE DE L’HORLOGE, 04200 SISTERON;[2.3522,48.8566]
005741814;;55.3A;;, 04120 ROUGON;[2.3522,48.8566]
005741830;;57.04;;8 AVENUE DE SAINT-VERAN, 04000 DIGNE-LES-BAINS;[2.3522,48.8566]
005741897;;55.4B;;, 04530 LA CONDAMINE-CHATELARD;[2.3522,48.8566]
005741921;;00.97;;PLACE DES RECOLLETS, 04000 DIGNE-LES-BAINS;[2.3522,48.8566]
005741954;;00.97;;, 04200 SISTERON;[2.3522,48.8566]
005741962;;52.4C;;GRAND RUE, 04800 GREOUX-LES-BAINS;[2.3522,48.8566]
005741970;;38.40;;, 04380 THOARD;[2.3522,48.8566]
005741988;;52.4C;;35 RUE MANUEL, 04400 BARCELONNETTE;[2.3522,48.8566]
005741996;;01.80;;, 04200 VAUMEILH;[2.3522,48.8566]
005742028;;68.20B;;AVENUE CALENDAL, 04160 CHATEAU-ARNOUX-SAINT-AUBAN;[2.3522,48.8566]
005742028;;68.20B;;PINCHINIERES, 04290 VOLONNE;[2.3522,48.8566]
005742036;;69.22;;LD BEAULIEU, 04200 SISTERON;[2.3522,48.8566]
005742093;;62.43;;RUE MERCERIE, 04200 SISTERON;[2.3522,48.8566]
005742101;;55.1A;;, 04340 LE LAUZET-UBAYE;[2.3522,48.8566]
